alert_id,alert_date,customer_id,account_id,transaction_id,fraud_type,alert_source,risk_score,alert_priority,loss_amount,recovery_amount,net_loss,alert_status,days_to_resolve,analyst_id
a3e791d3-a5b7-49b1-8f7a-7405152974ee,2023-02-27,e1fe6d61-a613-458f-a563-89664c94c4c8,4eca0497-00f0-49d1-9b08-220eb616fcbd,8d679e48-bab8-4cb0-9ea7-991680d33d86,Identity Fraud,Rules Engine,57,Medium,44203.99,8415.9,35788.09,Confirmed Fraud,27,ANL652
1f156d39-4f42-46a7-b6d6-39ae468a71bd,2023-05-07,a067f2ef-5014-4e93-ba76-85c2c7807493,0f0e1661-c7dd-4f21-a253-7b751f613de7,32d27d18-d8bf-41e8-bac3-21e133c09d9d,Phishing,Rules Engine,79,High,44150.43,700.46,43449.97,Confirmed Fraud,25,ANL674
83488efb-a451-4847-ba61-4c9e50ba4666,2016-05-26,9fae9dde-abd5-48cd-90df-e0d091beca4e,5aeea584-3c89-4dbf-bdc2-248b24dc0c23,6abf83fa-dea6-415f-8e2e-db7334cc0451,Identity Fraud,ML Model,50,Medium,0.0,0.0,0.0,Under Investigation,0,ANL630
d03eec25-32a4-4634-8a12-78f0695b38a8,2021-08-08,9a189484-cd9f-435c-b424-c12d0a715eb2,5d4df3a3-420b-4f1f-8676-c915f882f32d,09b67526-96ce-42f5-a706-c5133542e29c,Other,Rules Engine,73,High,0.0,0.0,0.0,Open,0,ANL792
6f70606b-67fd-41f9-83c3-80cecfa457bc,2020-05-22,92c7a67a-0282-45bd-b9e5-b0c203b7dba1,0af9a7ed-0b0f-4c2c-83dd-6463e5dc9a73,88899177-3d17-4a99-b9b6-d8288d90918c,Card Not Present,Rules Engine,55,Medium,0.0,0.0,0.0,Closed,6,ANL782
9d3b2538-f57e-4f01-ab80-a69b2aa8d1c5,2022-02-02,c98d4345-9fd8-44fd-b17d-78cba466d63c,199fc55c-040a-4422-82b2-ea48bcd49d87,a8c8416c-2738-497a-bf61-d2d3a3b6145d,Card Not Present,Rules Engine,1,Low,0.0,0.0,0.0,Under Investigation,0,ANL278
7b316068-bd77-47b4-86c2-ec11e633dff7,2023-05-31,58b6ea81-b316-4f19-a7eb-6ad8b9be5b12,d804a65d-0427-41ad-882b-3ff9a511629a,4b1ae32e-b580-43b1-9d54-c9b1566b3796,Card Not Present,Customer Report,61,Medium,0.0,0.0,0.0,Closed,44,ANL662
a19aab1f-ccb5-4d28-984d-05ba131e167f,2023-02-27,b6d87c10-28ea-453a-9463-3da693da5073,34399c76-aff9-459e-8c62-d4885a04dd72,1983c334-b6c5-49d5-ad06-94b41c30efa3,Account Takeover,Customer Report,56,Medium,0.0,0.0,0.0,Closed,22,ANL498
22113ddf-2375-4c42-a870-68df3f8c7b74,2023-06-09,6a8419d0-42ff-4de5-a777-1a27ae772fa9,9a7276cb-35b8-40d3-9be4-87f809d4152d,2aa36ad4-b672-47f1-8fbe-f5218d81c203,Card Not Present,Rules Engine,53,Medium,0.0,0.0,0.0,Under Investigation,0,ANL420
dc5a116c-efec-4a23-afa6-3424e184a6b7,2016-08-16,d4dbe0ab-3cb7-4948-9463-d5e7e5690023,b9a2e436-4646-413a-baf6-340f3f9ab231,77debec1-8701-484d-94a1-22f00cc54561,Card Not Present,Rules Engine,18,Low,0.0,0.0,0.0,Under Investigation,0,ANL657
b2b59b3c-fc77-4cf4-9088-a2fdd97da069,2021-01-30,76b85659-01fe-405a-84a4-11f51d8dba1b,200536da-3c80-4e75-8129-5e0e2a49b7d5,9cc39720-fe2d-4e5c-9c35-1839fee23c43,Identity Fraud,Rules Engine,82,High,0.0,0.0,0.0,Closed,48,ANL984
5a9cf852-68dd-470d-a0f7-189da13b15c0,2023-12-01,82342e76-2880-4405-b49b-784e5cede8db,5c81b1bd-9dfe-4a26-903c-066c5f50e929,be6c46b0-2fdf-45ed-8275-1644267e0796,Card Not Present,Rules Engine,80,High,0.0,0.0,0.0,Closed,10,ANL566
a2960eea-0d64-4a86-9493-85bbfd34a8c1,2020-04-28,f7ab8165-8a52-4b8d-a059-75f1ff4b3fe3,42fd6454-d2cb-4eb4-b0e8-c79d19c37fa2,cfe0dcd3-41e9-401f-9d1a-d91c36105510,Internal Fraud,Rules Engine,17,Low,0.0,0.0,0.0,Open,0,ANL333
a7937b4b-6139-4193-a814-29fa8bad66dd,2022-05-08,e47078f3-ad8c-4911-9a05-d5760dcfd8a7,1f94977c-ee4f-47ff-9daa-65d00754d91a,8ab7f6d3-9578-447c-92d3-493d8d943a31,Card Not Present,Rules Engine,45,Medium,0.0,0.0,0.0,Closed,14,ANL873
05841d30-1c90-4d7e-83d6-0f2c247bf33d,2015-05-09,81d5c97c-f0ed-4d5e-b2dd-bb46d98a0f9f,8a06c1d8-ccdc-4b6a-a96e-bb894e08d42e,7ef297b9-e8d7-4bfb-982e-ca3881cbf6df,Other,Rules Engine,42,Medium,168957.15,53339.19,115617.96,Confirmed Fraud,84,ANL946
b078b776-fe10-43c4-aeb3-d25a9728392c,2021-01-24,f1584ac8-e703-493b-b684-5079521cb443,8e01ef9c-7f7a-44e9-8702-4a9a7f78653a,3217198c-1cf8-439b-b1dd-1cf2d133bb20,Card Not Present,ML Model,81,High,0.0,0.0,0.0,False Positive,30,ANL124
f6c5794f-8bae-4eac-a66d-ac9d8ff1398a,2015-05-18,ab89aa9f-66e2-4754-bec4-86f8d62d6503,80c51405-b024-45d8-a31d-77e7d67cbe67,fa7420fe-63b6-4215-b575-89bd10f361c6,Card Not Present,ML Model,68,High,0.0,0.0,0.0,False Positive,14,ANL180
34b6ae7f-1561-4d5e-a6f0-4c742f4bcd74,2020-07-17,bb4b966f-c9d1-49ed-adbe-f79b6e180848,52882b60-b4ef-4bf3-be32-888324343fe6,b27e5eac-e5ed-4ba9-8038-64e933801226,Card Not Present,Rules Engine,16,Low,0.0,0.0,0.0,Open,0,ANL135
f052db36-c790-4f08-b081-b2efbcef9ff8,2022-07-09,f560a11f-0a60-4875-a976-a07c45530d17,f5ef6ade-c074-4022-94a9-900ab3e63a91,da19b1e0-62a9-434c-87bd-d2b9bc76d99f,Card Not Present,ML Model,3,Low,0.0,0.0,0.0,False Positive,78,ANL927
13fc92e3-01bf-49b4-b04b-37c2703aae42,2020-02-18,10b0d54d-7f2f-49c8-9745-65aa60900f70,41dd50ab-81a4-4595-9e75-d284f3f1bd65,7d5d0e87-22d1-472a-b98d-01a325e58019,Identity Fraud,Rules Engine,25,Low,0.0,0.0,0.0,False Positive,6,ANL489
644a23e9-6555-4101-99fa-54d01c26ac4a,2017-11-04,aabcc99d-15c7-42bc-969c-dae285cb001e,b84038fb-ab05-45ae-bf42-0b064b9a7fb2,8d8bae98-dc6c-47c6-8328-1011fdec8210,Card Not Present,ML Model,51,Medium,0.0,0.0,0.0,Open,0,ANL357
cbb28b13-6a38-4711-8573-6246ba6f54bc,2021-10-20,27cf3535-ec87-4531-ae61-98411ccdf94e,7ea5ed57-a592-421a-af3b-f1c649210871,5c4a6a47-6e7f-4d36-b169-69468f4cfbb3,Account Takeover,Customer Report,80,High,0.0,0.0,0.0,False Positive,60,ANL916
5c913121-3c1f-4bdb-83cc-1f28c5592a51,2020-05-15,c8820851-2ec7-4e56-bd06-b18baf89be0c,d7a05534-7f85-46f9-83b1-f2fe1a243b3b,0246c849-d801-4104-9fdd-cd00d10951dd,Account Takeover,Rules Engine,20,Low,0.0,0.0,0.0,False Positive,81,ANL399
cd5cc158-cfda-43d1-80de-04a4f75839a2,2016-06-08,010cbbdf-ca53-421b-91d3-b182b9531708,bf8cac5f-dc55-4b58-9a74-a337e8826ca8,443b0aa8-52ec-4e93-aefe-d85f599798de,Identity Fraud,Rules Engine,53,Medium,0.0,0.0,0.0,False Positive,46,ANL150
cb2a4bea-84bb-45e3-8ee8-86565278b87f,2015-12-23,0f365b68-bb19-4fe7-8ba6-11bf8ee9517b,4b095387-f55c-4197-9aca-a60ea7fe0287,07df7ddd-de78-4cbf-9a83-f6c7b5b25ee2,Card Not Present,Rules Engine,75,High,0.0,0.0,0.0,Closed,70,ANL756
805c4129-0484-444f-a1fb-de3ba3977c7f,2024-02-25,7f87ebe9-3e20-4ae7-a1bb-7ccf7e95daad,7e65a038-eed2-47de-8327-3db48927db50,6f043cd4-8dde-4b5f-8e83-1fe26d23d56c,Card Not Present,ML Model,50,Medium,0.0,0.0,0.0,Open,0,ANL345
69cafc7e-adc6-4789-91f8-d9df9bd12888,2017-04-02,e48bf09c-1d7e-4a66-9946-31e8e782c08e,7120625f-8f83-463d-86c2-61f078fe07f4,8563924d-7f1a-4259-817e-0b21f92b59d1,Phishing,Rules Engine,45,Medium,53174.19,17913.13,35261.06,Confirmed Fraud,12,ANL939
4c7e5cea-58ec-4bdd-9cd1-770b19e07087,2015-06-23,4899ed45-9c58-43fc-a9b1-110f1e0da786,f05d9336-b654-4c4f-83df-fc3689201a88,17d2510f-5434-4b84-a72c-fc82aaa5fd19,Card Not Present,Rules Engine,65,High,0.0,0.0,0.0,Closed,77,ANL806
ce8eba78-de8e-4716-a305-040839c5c862,2023-01-26,29de0f00-71e0-4673-9a83-7340a28f9433,6b72653b-95f5-4f30-a1a9-590a82e01634,7fde67ad-f570-4d2a-8a8a-0329babd62bb,Card Not Present,ML Model,45,Medium,0.0,0.0,0.0,False Positive,75,ANL971
ebfd2b01-65de-4c8f-86ee-96fe04fe9cc1,2019-07-20,9ec1fa1b-150e-4929-9302-27b04c992487,34abf91f-bc3e-4ff3-af77-1c9f7990d7e5,957b485d-03a8-4238-9424-de7fb410c963,Card Not Present,Customer Report,100,Critical,0.0,0.0,0.0,Under Investigation,0,ANL425
32cfbcd0-d784-48a7-a07f-1a789ed5f9d0,2020-11-16,3d67fcbd-6beb-4aed-b77d-5e1e53dd0cb2,517a547b-3a6f-48e8-a0af-fbd5519d09ae,645b1974-4147-47a7-956f-c8b8de191b0b,Identity Fraud,Rules Engine,16,Low,0.0,0.0,0.0,Open,0,ANL267
8448ce85-aaef-4667-9475-cb24e3daddee,2018-11-29,a254cce0-f0f6-4979-bc16-bdd50b601ff9,f4b2c3f6-6662-4cb2-8054-521e6c86a177,99131b8b-3269-4909-9b38-ea6d4e200fc2,Card Not Present,Rules Engine,75,High,0.0,0.0,0.0,Open,0,ANL147
b4745f78-429b-4b49-808f-1b38c2d9cfb3,2019-11-11,8931f44e-bcba-4267-9d91-cf99c1259d56,e82bd9bc-f193-4d8a-b1d3-dc5d8cff2b5d,60b7a26c-61db-4c5c-877b-91e0c5a3ebe1,Account Takeover,Staff Report,85,High,0.0,0.0,0.0,Under Investigation,0,ANL818
2cbf6611-e1b1-402c-8400-c91f23eee4dc,2021-01-22,fd250f7b-e79e-409d-82f0-7d0f61426f0b,16ba55ca-e80c-4b37-90bc-e750491e50c7,62c0ea77-80d2-4029-9542-51ab240943b8,Internal Fraud,ML Model,42,Medium,81904.55,7219.8,74684.75,Confirmed Fraud,59,ANL360
99b8f13c-e22e-4cf0-a81d-3a9c3e0b77de,2015-06-10,14407c92-24a5-4b5f-9183-82abcbe690e4,82fa8ab9-24e2-490b-bacc-e9c122ee0ff1,12071675-52da-4213-ab09-e9d6e21c65a8,Card Not Present,ML Model,16,Low,113783.79,49475.11,64308.68,Confirmed Fraud,58,ANL354
43ec99b7-8472-4219-b8e5-48fac0c5d536,2019-02-24,82342e76-2880-4405-b49b-784e5cede8db,ca249104-4b9d-4bd5-9090-d1efb99e24e6,c3aeb7be-e4f2-4183-ad55-78ad8ace2040,Other,Rules Engine,40,Low,0.0,0.0,0.0,False Positive,51,ANL230
5ead7a4a-0e3d-4e7f-83c4-008407add140,2016-06-03,b0d6b70d-63ae-466a-bc5d-dcd27e6a5966,4b389b8e-191b-4ccc-ab1d-cbebcd339351,55d8430d-a588-4f26-a137-576eefc993fc,Identity Fraud,Rules Engine,60,Medium,0.0,0.0,0.0,False Positive,75,ANL357
70748c7f-c91e-49a9-b125-16fe50179aee,2017-03-03,45227561-c40f-42ef-9f27-41dac382ddb1,69acb24c-5a50-46be-81f4-68ec74e8fd58,ae4d2ce4-86f7-4d29-8177-6fe4bee35e44,Internal Fraud,ML Model,43,Medium,0.0,0.0,0.0,Closed,81,ANL172
7c497110-3944-4ba2-ae4c-abc47851e7c5,2022-06-15,92c6dc2b-7b16-4fd7-a618-1e8f1015a418,d06d528d-2d06-49a3-af59-82457cca51dc,8582cdae-16b5-4eff-8267-ed64c974fc70,Identity Fraud,ML Model,93,Critical,0.0,0.0,0.0,Under Investigation,0,ANL752
b072dbf2-0142-4a88-b0c3-16ab280ec0ce,2023-06-20,f560a11f-0a60-4875-a976-a07c45530d17,ed910950-c85a-4010-8170-3428030ff375,a28d29fa-5594-4f38-914b-e07e250a0be9,Identity Fraud,Rules Engine,49,Medium,0.0,0.0,0.0,Under Investigation,0,ANL592
ad564cf8-431e-4ca0-bcc8-f4d97bb03970,2015-09-26,c77092ad-e107-4373-89eb-0a50e994a500,0e3b8097-ce34-4e25-8620-48a7c6ce0cb3,c2672488-6215-42a2-a7d3-914a5eb2046a,Card Not Present,Customer Report,55,Medium,0.0,0.0,0.0,Open,0,ANL822
da200570-ada5-496e-8cf5-5e3cc55d436e,2017-01-18,2949a668-9ea3-4b41-9f9a-136b86be274f,d0ae0e85-7872-4b7e-9efd-3b2c29c79be0,895552cd-b5b6-446e-9f65-35ec22ddf72e,Account Takeover,ML Model,61,Medium,0.0,0.0,0.0,Closed,11,ANL464
3ada9f6f-7a1a-4540-bb63-e570480e20b9,2024-12-26,3d86d943-61bb-4eb8-bc52-e8468a7b8ea8,ea015bf1-17f5-4e65-b20c-70edcd91274c,81eec17f-c899-4b20-a642-059185a7bc27,Card Not Present,ML Model,13,Low,148551.08,52605.89,95945.19,Confirmed Fraud,61,ANL514
dd85e010-1699-4e60-97a2-287a5349a79c,2022-11-18,aa5b3d75-e648-47ad-ade0-0b9e530ca808,d68580d2-e8fd-4e67-b022-18ba09b806a5,9d08d779-1217-4ab8-beb9-58e47a9ee4c4,Account Takeover,ML Model,96,Critical,92220.77,8878.9,83341.87,Confirmed Fraud,81,ANL144
fe8e159a-e3c4-42e7-8600-a27a0d733d8d,2019-11-09,0b719cd2-7a5a-498e-93cd-85ee7b521bff,a05f7fb2-4f39-4fe5-8c1b-c43f478c4ac8,91d158fd-da82-4e1d-b860-cccaee05aca7,Identity Fraud,ML Model,40,Medium,0.0,0.0,0.0,False Positive,69,ANL223
512c694b-9d51-4163-b381-6698e5486041,2021-08-12,9ea34091-686a-455c-b717-750778b00e4e,1e53b0a6-0291-4e94-a0a2-29e0e92309fe,cbf010be-7e83-4dd4-b1f4-81c172acf80e,Internal Fraud,ML Model,26,Low,0.0,0.0,0.0,Open,0,ANL939
5fade804-6354-4232-8d90-9636f9626d92,2024-02-23,796496b2-fedc-473f-b0ad-08543529cc77,423de861-8dcb-4be4-8534-03a6a3433e9c,35c665f0-6438-456f-b840-bd4bc4170366,Card Not Present,Staff Report,82,High,0.0,0.0,0.0,False Positive,57,ANL889
3454a97a-cdca-488e-abff-3e9d0c95c573,2023-10-17,987c9523-819c-4f0d-bd70-b63e7dc303d2,b44e995e-8be9-446f-933a-505367f85c16,1b0e7526-0f1a-40bb-9733-f3f574a41074,Account Takeover,ML Model,20,Low,0.0,0.0,0.0,False Positive,62,ANL974
fda5c8bb-f110-4843-85e4-4dcff229d82a,2019-11-30,e8cd891b-d14c-4b29-993a-3fe065cc8842,24aa01ba-7ef5-41ed-a6c8-d2f6607f7334,d817ddae-eb97-4186-9fd0-1f320915256b,Card Not Present,Rules Engine,8,Low,149828.53,20550.86,129277.67,Confirmed Fraud,59,ANL804
7481f5aa-e9d9-43ee-b034-26cff51c5807,2022-06-14,c642863a-b5db-4a27-a064-b2f335477dce,8e22453b-2b42-47dd-8189-41c7aee22c34,081f0ece-0cfd-499a-8b51-401c05494214,Card Not Present,Rules Engine,89,Critical,0.0,0.0,0.0,False Positive,74,ANL151
