loan_id,loan_number,customer_id,account_id,loan_type,origination_date,maturity_date,term_months,original_amount,outstanding_balance,interest_rate,monthly_instalment,loan_status,days_past_due,arrears_amount,collateral_type,collateral_value,ltv_ratio,purpose,disbursement_date,next_payment_date,last_payment_date,last_payment_amount,provision_rate,origination_channel,origination_officer_id
80587292-5d38-421e-b828-37e7210ca4e3,PCB-LOAN-202009-694075,4cc4d7de-7b2c-4ab7-8528-3d9dd29117ff,fbfad17c-6e00-4b82-baa3-ee69a5fce256,Business Loan,2020-09-10,2024-08-20,48,530367.0,119477.0,0.1378,14434.6,Current,0,0.0,Property,1020434.1088414646,,Stock,2020-09-13,2023-08-26,2023-07-27,14760.83,0.0,Branch,OFC2212
5509de6d-a76e-424e-bc31-792153b448dd,PCB-LOAN-201804-771384,97ddac20-2ab1-412a-aa23-deabd20e4497,8fd4a71b-f5a9-4402-8203-5dcbcb3e2d8b,Vehicle Finance,2018-04-18,2024-03-17,72,100163.39,88085.91,0.113,1921.94,Current,0,0.0,Vehicle,114537.9,0.8745,Commercial Vehicle,2018-04-22,2018-06-17,2018-05-18,1998.31,0.0,Mobile,OFC1681
f61f7077-b339-4e0c-a253-e79da042c92b,PCB-LOAN-201907-799858,f4be94ff-f06b-46a4-8cba-1a36fadcbac4,9c219ddb-5da5-48b0-92a1-3bc7d177d20e,Vehicle Finance,2019-07-22,2023-07-01,48,360655.82,220810.79,0.1306,9686.24,Current,0,0.0,Vehicle,437476.73,0.8244,Commercial Vehicle,2019-07-25,2020-10-14,2020-09-14,10013.57,0.0,Branch,OFC7360
e9c7ac69-dae6-4783-a43b-313d5b7c913d,PCB-LOAN-201807-983418,a254cce0-f0f6-4979-bc16-bdd50b601ff9,6aa9866e-5efd-426d-9c5d-9c457b3da0f3,Home Loan,2018-07-22,2038-04-08,240,2626458.22,813301.93,0.1196,28846.36,Current,0,0.0,Property,3067575.59,0.8562,Primary Residence,2018-07-27,2031-07-14,2031-06-14,29917.12,0.0,Online,OFC3986
d0b50f08-b966-48fa-84ba-de6f436614f7,PCB-LOAN-202211-898955,4036648a-b3d3-40a6-84a5-0e91c27de9a9,6e355bad-91fe-41fe-ba3d-7f850c33125c,Vehicle Finance,2022-11-12,2027-10-17,60,131181.93,62029.41,0.1567,3167.13,1-30 DPD,24,0.0,Vehicle,165948.05,0.7905,Boat,2022-11-14,2025-05-30,2025-04-30,3071.98,0.25,Broker,OFC2829
fb86d8f5-8f63-4c99-9bce-4bde47ca70d7,PCB-LOAN-202405-130590,3acebc57-2f2f-4565-9336-7b9605009e45,55e0075a-a469-496e-be56-a1e83e8fdeb5,Home Loan,2024-05-10,2034-03-19,120,2998764.97,573395.64,0.1033,40178.92,Current,0,0.0,Property,4820390.56,0.6221,Holiday Home,2024-05-12,2032-04-28,2032-03-29,40206.65,0.0,Branch,OFC3512
4536a9d4-09ad-4e83-ad30-43f4806d773b,PCB-LOAN-201902-309823,ca8927ca-2a48-4bdf-89d1-f61715f7f11b,33c3f765-9bf6-4cb5-a33c-f5f057363e74,Home Loan,2019-02-09,2038-10-27,240,2216445.85,644347.43,0.0904,19998.99,31-60 DPD,33,19998.99,Property,3122194.46,0.7099,Holiday Home,2019-02-12,2032-08-29,2032-07-30,20868.92,0.5,Branch,OFC8756
9df191a6-de7c-4e4d-9c9e-783a46c045e6,PCB-LOAN-202105-457513,02523414-87f6-4817-8cf2-297f40600402,82fa8ab9-24e2-490b-bacc-e9c122ee0ff1,Business Loan,2021-05-19,2022-05-14,12,710472.0,326340.96,0.1388,63751.13,Current,0,0.0,Property,726896.5732532035,,Equipment,2021-05-23,2021-11-15,2021-10-16,61091.35,0.0,Branch,OFC3665
e4f67e78-b048-4773-85d0-75a5940d7628,PCB-LOAN-201810-785981,5f07ee40-578a-4751-985d-4e36af164992,78a218ef-f8f6-496f-903b-dfa91c2ba2f4,Vehicle Finance,2018-10-28,2022-10-07,48,449643.16,240056.55,0.1072,11560.22,61-90 DPD,85,23120.44,Vehicle,538043.75,0.8357,Private Vehicle,2018-10-29,2020-06-19,2020-05-20,10993.43,0.75,Mobile,OFC1417
8c7f1f8e-31df-4faf-a843-76a2067fac8e,PCB-LOAN-201805-392054,ed2c3419-2ef1-452c-ab3b-5b1419839625,c56c1a28-6fe5-4ebc-bdae-d84c7e59ec04,Home Loan,2018-05-27,2043-01-16,300,1982132.05,1171536.86,0.1177,20540.21,Current,0,0.0,Property,2393590.21,0.8281,Land Purchase,2018-05-29,2026-05-15,2026-04-15,19841.27,0.0,Broker,OFC1157
916afd6c-9fc2-4584-a0ca-242017274ac4,PCB-LOAN-201607-156010,081f8c64-539d-4d69-9af4-6afab4860f5c,85f77032-c13f-4b2b-a843-252a3ae2b02b,Business Loan,2016-07-18,2019-07-03,36,1607364.64,935039.18,0.1448,55311.39,61-90 DPD,78,110622.78,Cession,3202117.0272226855,,Working Capital,2016-07-21,2017-08-12,2017-07-13,53324.54,0.75,Branch,OFC9648
394debec-fe99-4a88-ba5e-ecf2538fcd76,PCB-LOAN-201904-203829,c978e671-abb7-4632-8b23-ab955c9acf81,d18e1089-a842-43b7-969c-6d1d1f295c36,Vehicle Finance,2019-04-19,2026-03-13,84,545342.11,63124.72,0.121,9655.97,Current,0,0.0,Vehicle,764855.69,0.713,Private Vehicle,2019-04-24,2025-04-17,2025-03-18,9469.04,0.0,Online,OFC3063
cc161764-cd6c-4ff0-8b3a-0f36c8691fd2,PCB-LOAN-201810-836057,77c7f50d-d85a-43d0-9048-612057f39580,890d6933-e1ac-4fde-aec7-484b304f8948,Revolving Credit,2018-10-30,2019-10-25,12,9450.47,2883.51,0.1535,854.55,Current,0,0.0,None,0.0,,Emergency,2018-11-04,2019-06-27,2019-05-28,821.57,0.0,Branch,OFC9536
d03e994b-b146-4512-87ed-453042b3aaba,PCB-LOAN-201702-616302,ad3dff39-64c0-46e4-b8c4-a173a501b2a0,5b5f21b2-e6c6-4913-99f8-dfe5d572f88a,Business Loan,2017-02-25,2018-02-20,12,1802136.0,277596.94,0.1754,164825.55,Current,0,0.0,Cession,2625828.5487385592,,Expansion,2017-02-28,2017-12-22,2017-11-22,165149.31,0.0,Branch,OFC3304
986e356c-4e24-4a89-98e2-bee1faefd7e0,PCB-LOAN-201811-179865,e417ee31-9fd2-4d0e-9e0a-8c66465bdcf4,67c48576-0fee-454f-95b1-e06ea922bd90,Personal Loan,2018-11-27,2019-11-22,12,256367.29,196529.83,0.1764,23459.85,Current,0,0.0,None,0.0,,Medical,2018-11-30,2019-01-26,2018-12-27,22803.99,0.0,Call Centre,OFC9439
664e67ba-a8ef-4de2-8897-76d6bff3603d,PCB-LOAN-202110-320515,f555d33d-f80b-4502-ab66-8e64ef1b51f0,5d4df3a3-420b-4f1f-8676-c915f882f32d,Personal Loan,2021-10-30,2023-10-20,24,185264.14,168741.5,0.1698,9158.1,Current,0,0.0,None,0.0,,Holiday,2021-11-03,2021-11-29,2021-10-30,8723.95,0.0,Broker,OFC1339
571b458a-0284-4111-aff1-2c7d28a5d245,PCB-LOAN-201912-402857,b3d39bd1-cd6f-46d9-a1c7-e921bcb43550,4e316786-c92d-4ee4-8e78-5d3e4012946b,Home Loan,2019-12-20,2029-10-28,120,2699545.83,2395234.43,0.1146,37892.63,Current,0,0.0,Property,3546434.35,0.7612,Primary Residence,2019-12-24,2020-08-16,2020-07-17,39310.14,0.0,Mobile,OFC9852
805de2d3-b2e6-4316-836f-cdea69b06c43,PCB-LOAN-202106-117874,d4666d26-f79c-4fef-88f9-91e5cb50d26c,aa7010c4-c3f4-4a08-b6db-f1f90c370670,Vehicle Finance,2021-06-06,2025-05-16,48,340339.38,301080.95,0.1128,8842.6,1-30 DPD,1,0.0,Vehicle,426437.01,0.7981,Motorbike,2021-06-08,2021-11-03,2021-10-04,8891.5,0.25,Mobile,OFC3171
68187ffe-5e30-4b77-985f-b7ff22083daa,PCB-LOAN-202310-276109,d431baaa-bbd0-4a79-983a-6f5d7e41b0be,80c51405-b024-45d8-a31d-77e7d67cbe67,Personal Loan,2023-10-07,2024-10-01,12,387373.25,249379.7,0.1656,35249.44,Current,0,0.0,Cession,0.0,,Debt Consolidation,2023-10-12,2024-01-05,2023-12-06,34264.4,0.0,Online,OFC7000
0b18bb44-df42-46bf-baa4-16644ac8d44a,PCB-LOAN-202008-459603,459d70ae-5ef9-4801-b372-a47c6f8b9336,f2e0e2d9-22b9-4ce9-99c1-ecf9a4a03100,Vehicle Finance,2020-08-25,2026-07-25,72,283445.73,32351.84,0.1581,6118.85,Current,0,0.0,Vehicle,316204.52,0.8964,Motorbike,2020-08-27,2025-10-28,2025-09-28,6123.14,0.0,Online,OFC8754
74c50fa3-4c82-4878-9f6e-57f9441efa61,PCB-LOAN-202401-132751,1b11cb58-1fc0-4e6b-862b-67d24124c2ba,cd0214f0-8fd3-44db-82b3-f0954e4b8abe,Home Loan,2024-01-21,2038-11-03,180,2813078.86,1366624.53,0.1176,33328.54,Current,0,0.0,Property,3462677.08,0.8124,Land Purchase,2024-01-25,2031-08-12,2031-07-13,32425.79,0.0,Broker,OFC6643
bb8e1214-7d18-4034-9637-f555731f464b,PCB-LOAN-202004-696310,3d67fcbd-6beb-4aed-b77d-5e1e53dd0cb2,3882ede9-0650-4117-b505-04f03140d409,Home Loan,2020-04-15,2030-02-22,120,2845877.45,2749748.62,0.0966,37074.72,Current,0,0.0,Property,3552018.78,0.8012,Investment Property,2020-04-18,2020-08-13,2020-07-14,37338.34,0.0,Broker,OFC1043
efa70c6c-2dbf-487b-b5f5-c6953897546e,PCB-LOAN-202305-954349,f57764d2-0f1d-4b35-81f2-6587b8513e24,3325c974-6ea9-4ca6-aa22-45306b7c9639,Vehicle Finance,2023-05-09,2028-04-12,60,544812.04,401908.64,0.1608,13271.94,Current,0,0.0,Vehicle,751775.96,0.7247,Commercial Vehicle,2023-05-13,2024-03-04,2024-02-03,12815.52,0.0,Online,OFC9606
a12d4db6-5724-4bb4-8262-a494e3ff7b2c,PCB-LOAN-202202-977321,85ad99d1-6a69-48ec-9dab-cef2a6e2dc73,565958dc-8f13-437c-a130-b874a0b9f288,Vehicle Finance,2022-02-14,2029-01-08,84,586344.67,167020.33,0.1517,11370.55,Current,0,0.0,Vehicle,701704.97,0.8356,Motorbike,2022-02-17,2026-09-21,2026-08-22,10836.7,0.0,Branch,OFC2789
eb88298b-c6b2-418c-9600-90d6643ea2d4,PCB-LOAN-202209-511943,1290affb-ecab-4eb6-867d-b61a9ccbe467,63762b8a-fa67-4a15-8c27-e38c6bf1cc7b,Personal Loan,2022-09-14,2026-08-24,48,21846.67,1262.12,0.2656,743.51,Current,0,0.0,Cession,0.0,,Home Renovation,2022-09-18,2026-05-26,2026-04-26,724.34,0.0,Branch,OFC8935
466ab71c-c80a-4254-9dfa-678f5c7cb91a,PCB-LOAN-202212-120247,356fae70-133b-4719-9a47-5675f16f7ab2,0711439d-637c-496f-8e8a-a791ef4686fc,Vehicle Finance,2022-12-28,2029-11-21,84,186882.59,55982.48,0.1475,3580.07,Current,0,0.0,Vehicle,256319.56,0.7291,Motorbike,2023-01-01,2027-09-03,2027-08-04,3658.73,0.0,Broker,OFC4661
6c918161-7fd3-4d84-b245-b8383be0f5f1,PCB-LOAN-202103-193146,0a384245-7e7b-4b1a-a2ea-24375a52e344,0fdbb001-3f98-4b4d-859e-decb73e2312b,Home Loan,2021-03-20,2045-11-09,300,2124461.17,1387857.99,0.1238,22974.14,Current,0,0.0,Property,3021133.63,0.7032,Primary Residence,2021-03-21,2029-02-06,2029-01-07,23209.93,0.0,Branch,OFC9560
6d2d1a8c-aa1c-4069-a1c6-beffd9b6f9b8,PCB-LOAN-201606-110239,13e73d20-b6c4-4bc0-9cd5-546497a8703b,271fa06d-42e8-4b86-915b-822b170ce753,Home Loan,2016-06-20,2046-01-14,360,2061420.9,1009386.1,0.0936,17123.37,Current,0,0.0,Property,2690798.72,0.7661,Primary Residence,2016-06-24,2029-12-09,2029-11-09,17116.2,0.0,Branch,OFC5118
adfef619-ada9-4c0d-ad30-52ead8d9d3eb,PCB-LOAN-202104-232017,85ce4f3b-c7f7-4a94-bb92-3bd49ee0b3b2,cd0e5197-ffee-4c5c-98a5-8e378e49a22c,Personal Loan,2021-04-18,2022-04-13,12,64323.88,25889.43,0.1521,5812.14,Current,0,0.0,None,0.0,,Medical,2021-04-22,2021-11-14,2021-10-15,6033.62,0.0,Broker,OFC8724
d883d6c5-1e92-4868-b996-76404e65986f,PCB-LOAN-202205-552797,35e59c7c-9a46-4988-8fc4-2599a32bcf51,1bcf2566-faba-4595-83df-25bc79ecb26e,Business Loan,2022-05-28,2027-05-02,60,336438.0,250478.52,0.1846,8627.73,Current,0,0.0,Cession,360336.00442617666,,Expansion,2022-06-01,2023-08-21,2023-07-22,8891.16,0.0,Mobile,OFC8380
fe21a469-8b7d-4028-85e4-da37e8f946cc,PCB-LOAN-202109-469666,ba099f63-97fe-4ebb-a93d-48ccaac8e11d,7faf07d7-47e1-4410-b6a9-5a6c4ec4caa4,Home Loan,2021-09-26,2051-04-22,360,1731563.21,110454.36,0.1109,16607.95,NPL,133,66431.8,Property,2656994.34,0.6517,Holiday Home,2021-09-27,2049-03-03,2049-02-01,16678.03,1.0,Online,OFC1184
c9069e81-5ef3-423f-b44e-8e43fbe59d49,PCB-LOAN-202103-380699,10f4743d-14ec-4cd9-9831-c0c4275e0624,4cb484f0-029d-4476-ac8e-19890ba609bc,Personal Loan,2021-03-24,2024-03-08,36,381261.95,353642.39,0.1978,14126.36,Current,0,0.0,None,0.0,,Medical,2021-03-25,2021-05-23,2021-04-23,14103.28,0.0,Branch,OFC5765
b0baaa41-5310-42a6-b098-9a3cd23ebf78,PCB-LOAN-201608-253520,1d8706dd-c6cf-479c-92a0-90c81229ba91,1341bea1-42a8-4c2e-9b37-06e55b258eb1,Home Loan,2016-08-06,2026-06-15,120,2741855.82,821936.92,0.1179,39005.53,Current,0,0.0,Property,3153008.07,0.8696,Investment Property,2016-08-11,2023-02-01,2023-01-02,38024.3,0.0,Call Centre,OFC1404
9a330ac3-0efa-4c27-91c4-b6fe93d145c1,PCB-LOAN-202003-659031,ca32bc99-ff8b-4b9d-9ca0-72f790ef992c,4085320e-e917-449f-bd6b-15654080aaf2,Home Loan,2020-03-07,2044-10-27,300,1527753.07,1333184.78,0.104,14315.79,Current,0,0.0,Property,1652875.77,0.9243,Holiday Home,2020-03-09,2022-04-26,2022-03-27,13774.89,0.0,Broker,OFC9203
64500403-399e-4912-a967-3847980f2600,PCB-LOAN-201706-812575,008f033c-9eb6-4faf-8215-fd595f6d3ab8,837b7ec5-7253-4290-802b-522ca7a0ec5e,Personal Loan,2017-06-27,2023-05-27,72,176395.21,34154.18,0.2704,4974.76,31-60 DPD,60,9949.52,None,0.0,,Holiday,2017-07-02,2022-02-01,2022-01-02,5015.05,0.5,Branch,OFC9060
a02b002d-95de-4d5a-9799-a903a0efea66,PCB-LOAN-201704-422010,6a2a6c9d-bc95-4782-9f4c-bb6fda12996e,63082938-4002-4e82-a4cc-daa74fcdf859,Vehicle Finance,2017-04-02,2023-03-02,72,176657.48,147373.06,0.1133,3392.45,Current,0,0.0,Vehicle,232934.44,0.7584,Motorbike,2017-04-05,2017-11-28,2017-10-29,3361.67,0.0,Online,OFC5907
745091b5-65e7-43e7-8219-5159a36c9de8,PCB-LOAN-201810-767845,1bc35f30-4d58-4c03-9e0a-7fa17c008883,52a7f25c-2aa9-459e-bc9f-5ddc18722407,Vehicle Finance,2018-10-13,2024-09-11,72,189354.09,63082.49,0.1072,3577.08,NPL,126,14308.32,Vehicle,269121.79,0.7036,Boat,2018-10-18,2022-09-22,2022-08-23,3611.28,1.0,Mobile,OFC9033
d43fd6b6-7cfe-44b8-9eaf-41fd48a83198,PCB-LOAN-201907-830564,2a8c2591-114b-46b0-8347-b0c208b7cc07,30d8c452-753c-4ce1-93ea-cf6524f8f3b2,Personal Loan,2019-07-14,2024-06-17,60,439263.17,126940.01,0.1999,11635.34,61-90 DPD,76,23270.68,None,0.0,,General Expenses,2019-07-19,2022-12-25,2022-11-25,11413.8,0.75,Broker,OFC8524
7cb273fe-9f02-4111-82c6-135513f8a914,PCB-LOAN-201808-311476,578ebe00-340f-40ba-bac8-25fda508217f,7f351576-8781-40de-9ae4-89fca0d91299,Personal Loan,2018-08-18,2022-07-28,48,70941.95,31018.25,0.2021,2166.73,Current,0,0.0,None,0.0,,Debt Consolidation,2018-08-19,2020-11-05,2020-10-06,2087.46,0.0,Branch,OFC5283
1f799a72-2278-4f62-9bd2-5a8eb29cf9d5,PCB-LOAN-201906-466009,1b934713-859c-4d27-8b49-81d53887af96,ae0af86c-b7f4-462b-afe9-f12f61f68957,Vehicle Finance,2019-06-05,2025-05-04,72,294307.42,282517.64,0.1514,6245.53,31-60 DPD,49,6245.53,Vehicle,414985.08,0.7092,Private Vehicle,2019-06-08,2019-08-04,2019-07-05,6405.36,0.5,Mobile,OFC4385
da6d7a6d-0d98-4b06-9f83-04ca093a0401,PCB-LOAN-201904-359818,91c9be29-eee1-4cde-a664-efe7e53212d5,3c662115-5db1-41c3-ba6d-17ca85149eb1,Personal Loan,2019-04-07,2022-03-22,36,121749.98,23086.44,0.1942,4488.77,31-60 DPD,43,4488.77,None,0.0,,Medical,2019-04-09,2021-08-24,2021-07-25,4447.42,0.5,Mobile,OFC8003
31fd8dfb-6b20-4891-9f43-511f7c817cc2,PCB-LOAN-202309-749633,7f164959-ebef-49cb-89cd-6a303fdad6f3,050a2c77-0f72-4593-a5a8-8e26eccc6d35,Business Loan,2023-09-05,2024-08-30,12,1198401.0,184562.04,0.2155,111904.22,Current,0,0.0,None,0.0,,Expansion,2023-09-09,2024-07-01,2024-06-01,106947.1,0.0,Broker,OFC1499
65d18135-3b6f-4b1d-a131-628cd4f248ff,PCB-LOAN-202110-933892,0a384245-7e7b-4b1a-a2ea-24375a52e344,0fdbb001-3f98-4b4d-859e-decb73e2312b,Personal Loan,2021-10-09,2027-09-08,72,396307.93,323137.62,0.1758,8945.07,Current,0,0.0,None,0.0,,Home Renovation,2021-10-10,2022-09-04,2022-08-05,8881.4,0.0,Broker,OFC3306
a2ac0340-6e5a-4004-918a-dd5a35847307,PCB-LOAN-201502-683166,fad584d7-e349-456b-9979-82653a51d413,7160ce9f-b5cb-4c0e-8be2-9bb007915cdc,Personal Loan,2015-02-14,2016-02-09,12,337569.66,187499.84,0.1848,31025.55,1-30 DPD,14,0.0,None,0.0,,Home Renovation,2015-02-17,2015-07-14,2015-06-14,32270.39,0.25,Online,OFC6565
f3523834-616c-4aac-85e8-32a6f74105b9,PCB-LOAN-201610-194142,82342e76-2880-4405-b49b-784e5cede8db,1de678cb-bb72-45f3-947b-efdd683998dd,Home Loan,2016-10-04,2031-07-18,180,2406358.45,1076519.28,0.1119,27638.38,Current,0,0.0,Property,3156707.92,0.7623,Investment Property,2016-10-08,2024-11-21,2024-10-22,26986.74,0.0,Online,OFC6192
121c96bb-12e3-410c-a51f-0100b22e8826,PCB-LOAN-201807-170127,6a8419d0-42ff-4de5-a777-1a27ae772fa9,ae0af86c-b7f4-462b-afe9-f12f61f68957,Vehicle Finance,2018-07-07,2023-06-11,60,583817.67,251977.41,0.1448,13730.14,Current,0,0.0,Vehicle,711018.96,0.8211,Private Vehicle,2018-07-08,2021-04-22,2021-03-23,13065.33,0.0,Online,OFC1399
cc519fcc-d924-460a-8542-5bfba4d377bc,PCB-LOAN-202308-458888,8f16d71b-084e-4609-9ded-09077e4d8d48,49f99181-0036-4d7b-887d-e368addc6ca5,Business Loan,2023-08-17,2027-07-27,48,531339.0,39200.62,0.156,14949.67,Current,0,0.0,Property,700984.1636681441,,Stock,2023-08-20,2027-03-29,2027-02-27,14375.0,0.0,Broker,OFC5637
6177e37d-d951-4ead-9932-1fba9ba7df0c,PCB-LOAN-202010-195499,eb87f2bb-9c22-4ab3-8a18-f4609ef696c8,ae0af86c-b7f4-462b-afe9-f12f61f68957,Vehicle Finance,2020-10-28,2027-09-22,84,577406.72,263377.06,0.1499,11138.84,NPL,273,100249.56,Vehicle,720407.64,0.8015,Commercial Vehicle,2020-10-29,2024-01-11,2023-12-12,11526.14,1.0,Branch,OFC5333
37fce2c3-3642-489e-89e6-b61bb5657b22,PCB-LOAN-202111-355298,06b4cbf1-5e59-4e2f-93b9-72bec63fdd0f,68cf211e-6b58-4ab4-83c1-536b5263abbd,Business Loan,2021-11-19,2025-10-29,48,378408.0,22897.75,0.1554,10635.25,Current,0,0.0,Cession,576257.5607286812,,Stock,2021-11-24,2025-07-31,2025-07-01,10479.28,0.0,Online,OFC4267
35d95d7c-24e9-465f-9440-db1e20114f90,PCB-LOAN-201911-580071,fad584d7-e349-456b-9979-82653a51d413,7160ce9f-b5cb-4c0e-8be2-9bb007915cdc,Home Loan,2019-11-29,2029-10-07,120,1299496.74,411386.22,0.0916,16574.21,Current,0,0.0,Property,1724385.27,0.7536,Investment Property,2019-12-03,2026-07-25,2026-06-25,16523.91,0.0,Branch,OFC7020
cddc653a-ed3f-4816-9622-5e1d802367cd,PCB-LOAN-202307-283912,d2367ea1-c1ad-4362-85ba-3f1645a7dde8,ea34d363-9e19-4716-b4ed-637fc112975f,Business Loan,2023-07-20,2027-06-29,48,283173.0,201280.99,0.1397,7733.86,31-60 DPD,57,7733.86,Property,370615.7900397183,,Property,2023-07-23,2024-06-14,2024-05-15,7774.25,0.5,Branch,OFC3288
ad36c269-03b8-4e06-affb-575f0a1b4f8e,PCB-LOAN-201501-883327,87805b14-50da-45b2-b8d0-37963f00a73b,1548c47b-bc81-4e5f-b221-ff7b6c016b8b,Personal Loan,2015-01-04,2020-12-03,72,310981.12,92946.16,0.1462,6511.69,Current,0,0.0,None,0.0,,Medical,2015-01-09,2018-11-14,2018-10-15,6407.91,0.0,Broker,OFC9168
c0c9cb04-63ba-4d81-9fde-e5b7669ecdd4,PCB-LOAN-202403-689086,8fba209e-c55a-4360-b9f8-88afbea95510,fe27adba-5b13-4809-bd40-71b191da460a,Personal Loan,2024-03-12,2025-03-07,12,361907.24,83142.27,0.1766,33121.12,Current,0,0.0,None,0.0,,Medical,2024-03-13,2024-12-07,2024-11-07,31529.07,0.0,Mobile,OFC1532
387ee6b0-c8b5-4286-87c4-a56cbbace973,PCB-LOAN-201505-303332,cec5e0c3-6738-44ea-ad52-629e935afa47,316559e8-d002-48f7-9473-9b342c03b151,Revolving Credit,2015-05-25,2016-05-19,12,235754.64,53800.5,0.2009,21849.17,31-60 DPD,47,21849.17,None,0.0,,Emergency,2015-05-26,2016-02-19,2016-01-20,20982.45,0.5,Broker,OFC3261
e5708305-0267-425a-8d3f-bb90c59e09ca,PCB-LOAN-201506-503262,27b64371-9beb-43d4-b155-f5264a48d714,c0289eef-258a-4d7e-953a-2f26de856b9b,Home Loan,2015-06-03,2044-12-27,360,2531129.04,1230173.06,0.0908,20511.9,Current,0,0.0,Property,2868785.04,0.8823,Investment Property,2015-06-08,2029-03-21,2029-02-19,19661.81,0.0,Branch,OFC9920
d1205777-a14d-476e-ac0b-dd9acdc9e66c,PCB-LOAN-202007-307368,c1dc20be-75a1-4a1d-ac08-a8936903ed07,00fe6982-263c-4b58-8179-a46e1275ec98,Vehicle Finance,2020-07-22,2026-06-21,72,501774.16,454185.18,0.1171,9734.27,Current,0,0.0,Vehicle,663459.16,0.7563,Motorbike,2020-07-27,2020-11-19,2020-10-20,9997.81,0.0,Branch,OFC8878
b7268ecd-a7d0-49e8-989c-bbfe7b2a4827,PCB-LOAN-201605-901935,d4dbe0ab-3cb7-4948-9463-d5e7e5690023,932e3613-1a96-4df1-9d2d-127ae7042de3,Personal Loan,2016-05-31,2019-05-16,36,355102.67,203975.75,0.217,13506.48,Current,0,0.0,None,0.0,,Holiday,2016-06-03,2017-06-25,2017-05-26,13460.39,0.0,Online,OFC7581
3b0ca6a9-ca28-488d-9140-9a718e4184dc,PCB-LOAN-201904-591638,0fd7e7b5-bec7-48d1-be95-d0dc924bd5c4,dc2c0e67-900f-4508-ae75-ebcb44ab3e5c,Revolving Credit,2019-04-06,2022-03-21,36,51124.93,31337.34,0.2257,1967.59,Current,0,0.0,None,0.0,,Home Improvement,2019-04-11,2020-03-31,2020-03-01,1950.35,0.0,Online,OFC7297
ed59207b-b6b0-4be8-8aa1-8da61ba278c8,PCB-LOAN-202011-249998,1b934713-859c-4d27-8b49-81d53887af96,ae0af86c-b7f4-462b-afe9-f12f61f68957,Personal Loan,2020-11-02,2026-10-02,72,349941.18,110262.17,0.2301,9003.68,Current,0,0.0,None,0.0,,Debt Consolidation,2020-11-03,2024-09-12,2024-08-13,8946.48,0.0,Broker,OFC7240
5483de99-d415-4e1e-ba17-6108788b8ded,PCB-LOAN-201801-781391,943b547a-caaf-4494-a2d8-c22932b3d538,9a7276cb-35b8-40d3-9be4-87f809d4152d,Home Loan,2018-01-06,2037-09-23,240,2771731.78,314172.91,0.1084,28308.3,Current,0,0.0,Property,3493485.98,0.7934,Primary Residence,2018-01-11,2035-04-07,2035-03-08,29518.8,0.0,Branch,OFC9284
59264161-a702-422e-ba4d-68a861f7548c,PCB-LOAN-201610-437722,0ec62bd1-42db-4ffd-b12d-f1738b4fdec9,cdaec3c8-a553-4168-8956-d80c9a9098b4,Business Loan,2016-10-04,2018-09-24,24,750588.0,601184.48,0.1985,38146.8,Current,0,0.0,Cession,1443397.04439476,,Stock,2016-10-06,2017-02-01,2017-01-02,38278.31,0.0,Broker,OFC6293
b53b041d-4189-455b-b985-7bf56ea5adfc,PCB-LOAN-201612-966711,bca80148-e7b8-4cd0-9ed4-29ebc0a69045,8e55531e-503c-49b4-9ac6-f7d4b6b3f13a,Vehicle Finance,2016-12-09,2020-11-18,48,327787.41,241415.04,0.1452,9043.01,Current,0,0.0,Vehicle,440160.35,0.7447,Private Vehicle,2016-12-13,2017-09-05,2017-08-06,8990.46,0.0,Branch,OFC8148
b8cc6f95-7b69-4d33-9f9b-c08ca7ef9f12,PCB-LOAN-202207-203186,e147bc36-a123-431d-a8a8-0dda8386d54b,42324c99-56ba-4a66-ab18-d4d981cb4003,Business Loan,2022-07-07,2023-07-02,12,608985.0,87498.7,0.1503,54974.58,1-30 DPD,24,0.0,Property,611698.5588192724,,Working Capital,2022-07-11,2023-05-03,2023-04-03,57017.27,0.25,Broker,OFC9826
8158fcdd-be50-40da-a088-aaa8685c8ef2,PCB-LOAN-202310-356994,df8c5c39-b206-481c-8917-4be8b64b3af3,ae0af86c-b7f4-462b-afe9-f12f61f68957,Revolving Credit,2023-10-30,2026-10-14,36,119344.7,25339.58,0.2535,4767.24,Current,0,0.0,None,0.0,,General,2023-11-03,2026-02-16,2026-01-17,4874.39,0.0,Branch,OFC4179
a080c55c-7781-4293-8eec-af3dd9c465ae,PCB-LOAN-201507-173117,aa0cf632-0446-46d5-9ce0-006948caa2ce,db617c72-425e-437c-a34a-66b127cb489e,Personal Loan,2015-07-15,2017-07-04,24,250229.88,149858.0,0.1744,12424.9,Current,0,0.0,None,0.0,,Debt Consolidation,2015-07-16,2016-04-10,2016-03-11,12069.59,0.0,Branch,OFC3787
99d14834-40d7-4896-8e5d-679d52116ee5,PCB-LOAN-201510-992824,04d8ed45-f4c5-422c-9678-d8c8ce690ee3,2da72a17-96ff-44bc-a3e0-bb5ff6d8ba48,Vehicle Finance,2015-10-03,2020-09-06,60,519238.58,409125.14,0.1566,12533.26,Current,0,0.0,Vehicle,707602.32,0.7338,Commercial Vehicle,2015-10-07,2016-05-30,2016-04-30,12681.61,0.0,Branch,OFC9973
01070ccc-a84d-4ab4-b29c-33f06fd528b0,PCB-LOAN-201810-294185,77595890-46d2-4f84-ba33-d6e12b874937,ea015bf1-17f5-4e65-b20c-70edcd91274c,Personal Loan,2018-10-06,2022-09-15,48,72824.38,65666.51,0.2778,2528.93,31-60 DPD,38,2528.93,None,0.0,,Home Renovation,2018-10-11,2018-12-05,2018-11-05,2512.88,0.5,Branch,OFC3283
6ae98a10-ded4-44fa-8ed1-93f45cbff6df,PCB-LOAN-201903-794114,182d8fa8-7063-4dba-9157-80cb655f3a46,1524dce9-0f3a-4f0d-bb58-31d1910941c1,Home Loan,2019-03-22,2043-11-11,300,2517997.21,685956.78,0.0949,21982.16,Current,0,0.0,Property,3854274.01,0.6533,Land Purchase,2019-03-24,2037-02-15,2037-01-16,21492.45,0.0,Branch,OFC7932
e27ded6d-123f-4063-b30f-c9a612f4af68,PCB-LOAN-202403-944371,b8e0e772-140e-470b-9e9e-4276208ca853,3ac0bdbe-2fc6-45e2-87bc-797104b58f21,Vehicle Finance,2024-03-29,2028-03-08,48,189647.08,154736.77,0.1113,4913.51,Current,0,0.0,Vehicle,235440.2,0.8055,Commercial Vehicle,2024-03-31,2024-05-28,2024-04-28,4678.32,0.0,Online,OFC2168
cc991d3e-a7ce-4cbc-801f-0ec26a8f53ad,PCB-LOAN-201708-369402,d02aaa23-8d0f-485d-be99-dd27de191080,2b856080-7195-4ecf-8ee8-a8dc8fa247f5,Personal Loan,2017-08-17,2023-07-17,72,42515.77,11261.61,0.2582,1166.74,1-30 DPD,7,0.0,None,0.0,,Education,2017-08-22,2021-09-25,2021-08-26,1172.34,0.25,Branch,OFC5582
7d69edfe-3b99-4e0c-a11d-17853c0b24b1,PCB-LOAN-202208-688077,e1fe6d61-a613-458f-a563-89664c94c4c8,25be136d-ef89-44e9-8e8e-f2c5327c5142,Personal Loan,2022-08-23,2027-07-28,60,330328.69,283395.25,0.1762,8320.04,Current,0,0.0,Cession,0.0,,Holiday,2022-08-26,2023-02-19,2023-01-20,8470.81,0.0,Online,OFC8198
d7f460c2-b935-4c9a-8e4d-1bccca2405f7,PCB-LOAN-202001-424058,e04dd813-e742-4c4d-bb5d-55efda8742ab,19829122-12ec-4bce-867d-de531720cb06,Business Loan,2020-01-20,2023-12-30,48,414222.0,33274.52,0.1183,10873.51,NPL,212,76114.57,Cession,472923.19547069765,,Property,2020-01-21,2023-09-01,2023-08-02,10443.58,1.0,Branch,OFC6116
7e69fe92-e687-4555-a3de-34c56c03b5eb,PCB-LOAN-201706-298239,de2e10df-2de0-42e9-9e87-9ee6b625bb39,f65943b2-2e4b-48a0-8a41-2e227b566f3b,Personal Loan,2017-06-26,2022-05-31,60,458059.34,119407.68,0.1334,10502.16,1-30 DPD,29,0.0,None,0.0,,General Expenses,2017-07-01,2021-02-05,2021-01-06,10858.53,0.25,Online,OFC3188
6b8c906c-22d0-4e73-a78f-3d613da7b09a,PCB-LOAN-201806-729928,4989f769-f5ee-4ff3-8a2e-29a32a8bb920,aeef1087-4793-40b9-bd23-34bae9dd807a,Business Loan,2018-06-16,2021-05-31,36,1145949.0,54788.28,0.1775,41285.23,Current,0,0.0,Property,1281303.6646018245,,Working Capital,2018-06-21,2021-04-01,2021-03-02,40458.12,0.0,Mobile,OFC5044
5f666d82-69e8-438b-b828-3441888e6969,PCB-LOAN-202310-686092,6cc287b8-deb2-4e66-a268-6c9e7f70370a,ae0af86c-b7f4-462b-afe9-f12f61f68957,Home Loan,2023-10-06,2033-08-14,120,2673831.69,21992.09,0.1168,37868.72,Current,0,0.0,Property,3634898.98,0.7356,Primary Residence,2023-10-11,2033-07-15,2033-06-15,37050.8,0.0,Online,OFC7253
598f8c14-33d3-451e-bcd1-010acf2f6778,PCB-LOAN-202007-418522,f72d813d-996f-430d-ae57-13eb80207635,9202ce26-699c-4e6b-9e8c-75a30dbd3b67,Personal Loan,2020-07-12,2024-06-21,48,401621.35,318251.08,0.1303,10780.48,Current,0,0.0,None,0.0,,Debt Consolidation,2020-07-15,2021-03-09,2021-02-07,10435.36,0.0,Branch,OFC8112
af51f3dc-b46d-4950-b9b7-cd49a17f89f1,PCB-LOAN-202203-566273,ea7e11b4-f9f8-4196-811a-38bd00b09c13,526cd0f9-8455-4ce4-a30e-3b6875f0038d,Personal Loan,2022-03-08,2028-02-05,72,277770.13,106747.94,0.1439,5781.83,Current,0,0.0,None,0.0,,Home Renovation,2022-03-10,2025-10-18,2025-09-18,5901.81,0.0,Call Centre,OFC5907
c5f79ad4-579e-4d36-bac2-0673cba0f6ab,PCB-LOAN-202111-996535,61cdcdd8-4966-4981-aa70-e98cfbe4d8eb,ed11fc17-e3b7-4c0a-ae51-a164c2820d33,Personal Loan,2021-11-17,2022-11-12,12,498390.11,0.0,0.2792,48078.13,Current,0,0.0,None,0.0,,Home Renovation,2021-11-19,2022-11-12,2022-10-13,46322.24,0.0,Online,OFC9165
950b69e6-ef44-4519-bad2-abec9e944720,PCB-LOAN-202208-578596,45227561-c40f-42ef-9f27-41dac382ddb1,ae0af86c-b7f4-462b-afe9-f12f61f68957,Personal Loan,2022-08-16,2027-07-21,60,473660.52,98939.67,0.1591,11495.87,Current,0,0.0,Cession,0.0,,Home Renovation,2022-08-17,2026-05-27,2026-04-27,10947.49,0.0,Broker,OFC6872
b250830c-624d-4c5d-a574-752c38635971,PCB-LOAN-202112-140204,fc63c61d-1fe8-418c-8286-0f134014b2da,a1fba501-b2a1-4e54-baca-39fed9cb9147,Home Loan,2021-12-19,2046-08-10,300,2618855.71,1020298.88,0.1058,24876.54,61-90 DPD,72,49753.08,Property,2796727.58,0.9364,Investment Property,2021-12-24,2036-10-31,2036-10-01,25249.85,0.75,Branch,OFC7508
1d0a4203-00ca-451b-b09e-dc014cde34a3,PCB-LOAN-202404-853429,58b6ea81-b316-4f19-a7eb-6ad8b9be5b12,a9b886d8-bca1-4828-98e9-fdaa43e9ae9a,Personal Loan,2024-04-05,2025-03-31,12,14408.74,1188.44,0.2203,1348.79,Current,0,0.0,Cession,0.0,,Holiday,2024-04-08,2025-03-01,2025-01-30,1402.59,0.0,Branch,OFC6596
9959baf9-cb04-48ad-8704-d7998b936d8b,PCB-LOAN-201608-236219,22dbb7eb-1dd1-4d80-8cb9-73cf52e8c294,c0315380-6373-44a9-ae37-daca97164eaa,Personal Loan,2016-08-10,2021-07-15,60,32774.68,22501.6,0.1471,774.73,Current,0,0.0,Cession,0.0,,Debt Consolidation,2016-08-14,2018-02-01,2018-01-02,763.19,0.0,Call Centre,OFC6919
67dedcd0-5878-41f3-841e-3664cb55e0ca,PCB-LOAN-202406-364007,2f418199-1049-4389-83b4-2ea755610f9d,74ff7689-2554-458f-94ad-acfa3ea5790c,Personal Loan,2024-06-13,2030-05-13,72,129869.31,59065.88,0.1733,2913.06,61-90 DPD,68,5826.12,Cession,0.0,,Medical,2024-06-17,2027-03-30,2027-02-28,2843.12,0.75,Branch,OFC5637
88209bc8-83d8-4dab-b8de-473d87396fb9,PCB-LOAN-202007-814362,aa2ac245-aa4f-4c13-b9b1-e5a4c2b13bb1,ae0af86c-b7f4-462b-afe9-f12f61f68957,Vehicle Finance,2020-07-07,2024-06-16,48,418035.43,221549.2,0.1406,11436.02,31-60 DPD,41,11436.02,Vehicle,512172.79,0.8162,Motorbike,2020-07-10,2022-03-29,2022-02-27,11203.23,0.5,Mobile,OFC7204
bb58d2c1-c3a7-4ee1-b6f5-737fd87999b7,PCB-LOAN-202104-700124,1e6bfc01-54e8-49f1-b039-a6bce14d302e,c18d8060-909e-49d1-8e42-9445994037b0,Personal Loan,2021-04-15,2022-04-10,12,457034.34,267429.26,0.1247,40707.5,Current,0,0.0,Cession,0.0,,Medical,2021-04-20,2021-08-13,2021-07-14,41403.69,0.0,Broker,OFC5963
5a45071d-53f7-48e3-929c-d9f0d842aa8e,PCB-LOAN-202103-655017,4899ed45-9c58-43fc-a9b1-110f1e0da786,ac69762d-252b-47d9-a5a5-23fc46fdcd28,Home Loan,2021-03-06,2045-10-26,300,2326752.97,789498.43,0.0944,20231.8,Current,0,0.0,Property,2681208.77,0.8678,Investment Property,2021-03-08,2036-03-17,2036-02-16,20594.03,0.0,Online,OFC4517
dc93ad2c-6024-4291-860a-b853186a80d0,PCB-LOAN-201506-403963,49d32bba-878f-4f02-ac43-1e6387e33059,da17d375-b106-4983-8ca6-0760af41bedf,Personal Loan,2015-06-12,2021-05-11,72,162886.23,106158.87,0.1261,3236.36,NPL,355,35599.96,Cession,0.0,,Home Renovation,2015-06-13,2017-02-01,2017-01-02,3276.42,1.0,Broker,OFC7790
e309fb7e-71b0-48f1-bc2f-1ead5a24627a,PCB-LOAN-201903-628842,2f418199-1049-4389-83b4-2ea755610f9d,74ff7689-2554-458f-94ad-acfa3ea5790c,Personal Loan,2019-03-25,2020-03-19,12,350554.92,155203.63,0.2069,32589.36,NPL,318,325893.6,None,0.0,,General Expenses,2019-03-29,2019-09-21,2019-08-22,33831.36,1.0,Online,OFC6392
1d9e6f18-b14b-4d10-92de-47b8976c5148,PCB-LOAN-201605-806063,8da1a481-6fdc-4f90-b170-a31161a6f4d7,8e5a4ffb-d1fa-4533-85dc-05b4f717eecc,Personal Loan,2016-05-11,2020-04-20,48,28119.75,22204.76,0.1308,755.5,1-30 DPD,30,755.5,None,0.0,,General Expenses,2016-05-15,2017-01-06,2016-12-07,771.98,0.25,Branch,OFC2415
4f66e39d-60cf-4d13-87e0-ad22327d92b4,PCB-LOAN-202306-655901,e3aaa105-dc10-4e17-8ed3-72500bb770a7,3adc2ceb-1262-4974-9b43-2083a6dfb164,Home Loan,2023-06-25,2048-02-14,300,2220317.92,265973.44,0.1048,20932.13,1-30 DPD,6,0.0,Property,2996784.88,0.7409,Holiday Home,2023-06-27,2044-12-01,2044-11-01,21811.16,0.25,Branch,OFC5989
71683197-3636-4cae-9a21-c739b7c0d24d,PCB-LOAN-201805-813516,cfb6b46a-57ca-4813-a5e8-ca78f77e473a,526d5f06-e2c7-4c74-81bb-046cf77becf3,Home Loan,2018-05-21,2028-03-29,120,1485585.96,270649.41,0.0932,19077.02,Current,0,0.0,Property,1859772.11,0.7988,Primary Residence,2018-05-26,2026-06-08,2026-05-09,19681.04,0.0,Branch,OFC8226
92041721-cc94-468f-a8ca-06b13ddb1b0f,PCB-LOAN-201510-996432,bb4b966f-c9d1-49ed-adbe-f79b6e180848,ae0af86c-b7f4-462b-afe9-f12f61f68957,Business Loan,2015-10-19,2020-09-22,60,154037.33,97301.46,0.1808,3918.24,Current,0,0.0,None,0.0,,Working Capital,2015-10-22,2017-06-10,2017-05-11,3823.29,0.0,Branch,OFC9875
51bc72cc-83c5-4415-bd0c-3c5c30f85282,PCB-LOAN-202011-416382,c77092ad-e107-4373-89eb-0a50e994a500,ce3ed42b-e963-4fe0-8d3d-0286058d5db6,Home Loan,2020-11-27,2030-10-06,120,2454397.26,2135318.53,0.122,35497.82,Current,0,0.0,Property,3608346.46,0.6802,Primary Residence,2020-11-28,2021-12-22,2021-11-22,36591.07,0.0,Online,OFC6890
2c6a67ec-7f4d-429d-ac8b-b013dfbb1b98,PCB-LOAN-202003-405261,1e1c0a15-403d-4187-8c88-eabcdf85a18b,2d1a95ad-70c8-4da0-9425-cbcf269d5d92,Personal Loan,2020-03-25,2021-03-20,12,419207.91,287611.01,0.2679,40208.31,Current,0,0.0,Cession,0.0,,General Expenses,2020-03-29,2020-06-23,2020-05-24,38482.56,0.0,Mobile,OFC1928
0e2d188a-722c-448b-90ee-ee64b9e88734,PCB-LOAN-202305-279660,a12a2645-12e2-4598-80ad-c5ef43c7195e,d74c8c65-75dd-49a9-b0a2-026d520ecaf2,Personal Loan,2023-05-06,2026-04-20,36,421084.37,152731.45,0.2605,16976.97,Current,0,0.0,None,0.0,,Medical,2023-05-09,2025-02-24,2025-01-25,16981.43,0.0,Branch,OFC3295
2b7566d3-9979-488d-9618-a2a87a80d665,PCB-LOAN-201909-382917,06d8b200-1ce9-464d-8b7a-2848f4a67a90,28b3768b-51b2-45a9-86a8-749ccb289296,Home Loan,2019-09-28,2034-07-11,180,1375454.67,1059432.61,0.1213,16622.98,NPL,334,182852.78,Property,1682719.2,0.8174,Investment Property,2019-10-02,2021-05-20,2021-04-20,16061.6,1.0,Online,OFC3537
0a59d9c1-e756-4260-b3cf-2b7f17a6a244,PCB-LOAN-202112-706708,ea388ea5-57ca-4b6e-aa00-840efed21569,a39ebdeb-c66b-4f39-84e0-246f8e2b4f08,Revolving Credit,2021-12-22,2023-12-12,24,169887.84,6602.39,0.2144,8766.56,Current,0,0.0,None,0.0,,General,2021-12-23,2023-11-12,2023-10-13,8636.55,0.0,Branch,OFC4663
91d74abc-6592-450e-be60-9ddf665ad3cb,PCB-LOAN-201604-553383,d1421d5e-80ed-4b58-bc5c-345cee625e96,ae0af86c-b7f4-462b-afe9-f12f61f68957,Business Loan,2016-04-02,2021-03-07,60,208092.0,173296.06,0.217,5711.84,Current,0,0.0,Property,322190.17581868224,,Stock,2016-04-06,2016-09-29,2016-08-30,5863.8,0.0,Broker,OFC3227
8053a719-ca97-4108-a82e-092c286734f4,PCB-LOAN-202004-763197,4af379b7-a754-4e27-8034-84548f1160fc,fec3723b-f6f3-42b7-98b0-15151f5ff626,Personal Loan,2020-04-19,2022-04-09,24,305883.99,118258.95,0.2478,16291.75,Current,0,0.0,None,0.0,,Debt Consolidation,2020-04-21,2021-06-13,2021-05-14,16057.89,0.0,Branch,OFC4108
758bd025-f857-4943-9e4c-79fd57f193ac,PCB-LOAN-201609-745958,a230f313-bffe-4fb1-884a-180392f85ad8,10deeddf-bfe5-4913-ad0f-078933bd1db7,Home Loan,2016-09-11,2036-05-29,240,1512242.51,414357.83,0.1046,15057.31,Current,0,0.0,Property,2021444.34,0.7481,Holiday Home,2016-09-12,2030-06-30,2030-05-31,14956.9,0.0,Online,OFC5515
d8d039cd-32d5-41a3-8680-ea96ced7471e,PCB-LOAN-202006-623772,3acebc57-2f2f-4565-9336-7b9605009e45,55e0075a-a469-496e-be56-a1e83e8fdeb5,Home Loan,2020-06-15,2035-03-29,180,1386451.83,615854.89,0.1176,16426.28,Current,0,0.0,Property,2141899.94,0.6473,Holiday Home,2020-06-19,2027-12-06,2027-11-06,16872.25,0.0,Mobile,OFC2103
1c22fde5-ee18-48a1-8415-9781f646ac29,PCB-LOAN-201906-170299,4899ed45-9c58-43fc-a9b1-110f1e0da786,ac69762d-252b-47d9-a5a5-23fc46fdcd28,Home Loan,2019-06-17,2049-01-10,360,2173557.29,1480161.21,0.1107,20814.34,Current,0,0.0,Property,3161997.8,0.6874,Holiday Home,2019-06-19,2028-01-01,2027-12-02,21849.3,0.0,Mobile,OFC5451
e8d01223-5751-4579-8ac6-6248191c5670,PCB-LOAN-202106-830144,d34c2baf-f31d-4dd7-b68c-648b1b573450,ae0af86c-b7f4-462b-afe9-f12f61f68957,Home Loan,2021-06-14,2051-01-08,360,1049235.98,62455.89,0.1101,10000.05,Current,0,0.0,Property,1379847.42,0.7604,Land Purchase,2021-06-17,2049-03-19,2049-02-17,10122.78,0.0,Online,OFC2286
9b1a3a1b-4e1f-4821-b754-3a378d27f988,PCB-LOAN-202009-364280,08e86fa6-91bc-46ac-a63a-ccbb741f22be,1571d760-b60a-4a6e-a3ca-535d3e12029b,Business Loan,2020-09-12,2025-08-17,60,294468.0,30793.4,0.16,7160.89,Current,0,0.0,None,0.0,,Working Capital,2020-09-15,2025-01-19,2024-12-20,7460.81,0.0,Broker,OFC6334
3ac5e6e9-5e68-4ecf-85c6-84652d82995c,PCB-LOAN-202003-161859,8ae8649d-15a3-4909-a8f1-1a3ee8cc2f3b,fabb7d5a-e73b-41cb-9972-32338991ec19,Home Loan,2020-03-09,2039-11-25,240,2763852.04,242153.57,0.0947,25708.61,Current,0,0.0,Property,3415114.35,0.8093,Holiday Home,2020-03-13,2037-12-05,2037-11-05,26211.88,0.0,Branch,OFC8453
6806c66a-6484-498d-9dcc-a4340aebb424,PCB-LOAN-202205-950602,52347243-9079-4ddd-b580-f6bf33305faa,25db4c54-6c26-4cee-b061-bdd813529556,Personal Loan,2022-05-16,2026-04-25,48,68410.18,5034.87,0.2504,2269.81,Current,0,0.0,None,0.0,,Education,2022-05-20,2025-12-26,2025-11-26,2262.7,0.0,Branch,OFC4637
b4603336-1356-415e-85f7-26099f1775b5,PCB-LOAN-201502-842012,17c491c0-b59f-4e9f-8213-df727ebad8dc,772e3d34-d43e-4895-aef2-18b73d4c324a,Business Loan,2015-02-14,2018-01-29,36,4565445.0,3411416.22,0.1279,153366.5,Current,0,0.0,Property,6606278.112402767,,Property,2015-02-17,2015-09-12,2015-08-13,146477.61,0.0,Mobile,OFC9670
b3185794-3c90-41fd-9a65-637ba774c7d8,PCB-LOAN-201504-509996,5f07ee40-578a-4751-985d-4e36af164992,78a218ef-f8f6-496f-903b-dfa91c2ba2f4,Personal Loan,2015-04-12,2021-03-11,72,481462.7,114097.84,0.1425,9985.46,Current,0,0.0,None,0.0,,Education,2015-04-15,2019-09-18,2019-08-19,9718.41,0.0,Branch,OFC1785
b7504173-6b33-4e82-b43e-cd775b809690,PCB-LOAN-202205-967871,823448f9-9052-402e-a0b2-680725c7adaa,ae0af86c-b7f4-462b-afe9-f12f61f68957,Home Loan,2022-05-28,2047-01-17,300,2073081.14,1374308.08,0.0951,18126.85,Current,0,0.0,Property,2623157.21,0.7903,Land Purchase,2022-05-30,2029-03-22,2029-02-20,18898.31,0.0,Mobile,OFC5009
042a7dd4-ce54-4366-9df4-d9143bc74bfc,PCB-LOAN-201805-989881,f555d33d-f80b-4502-ab66-8e64ef1b51f0,5d4df3a3-420b-4f1f-8676-c915f882f32d,Home Loan,2018-05-12,2047-12-06,360,843185.18,575115.33,0.1042,7662.56,Current,0,0.0,Property,1065838.93,0.7911,Primary Residence,2018-05-13,2025-09-02,2025-08-03,7692.44,0.0,Online,OFC7806
6c1229f4-8ad3-496b-9dd8-e56c4ca9785d,PCB-LOAN-202003-410413,27b64371-9beb-43d4-b155-f5264a48d714,c0289eef-258a-4d7e-953a-2f26de856b9b,Home Loan,2020-03-06,2030-01-13,120,1916950.62,731296.46,0.0998,25311.42,Current,0,0.0,Property,2916845.13,0.6572,Investment Property,2020-03-10,2025-09-06,2025-08-07,25958.82,0.0,Branch,OFC8887
1daaff9e-5cd8-4e44-9aa3-9b3df654ae65,PCB-LOAN-202004-184799,838bbd02-157b-4453-ab40-9da0e6d4a59e,73535cd6-e26a-4c14-9f8f-6cccd952103d,Personal Loan,2020-04-10,2026-03-10,72,306194.15,8098.21,0.1503,6479.47,Current,0,0.0,Cession,0.0,,Education,2020-04-12,2026-01-09,2025-12-10,6480.2,0.0,Branch,OFC1409
509f38ba-717a-4d9f-b53f-c99b83353149,PCB-LOAN-202202-491962,3d67fcbd-6beb-4aed-b77d-5e1e53dd0cb2,3882ede9-0650-4117-b505-04f03140d409,Personal Loan,2022-02-27,2023-02-22,12,197335.59,0.0,0.2074,18350.05,1-30 DPD,7,0.0,Cession,0.0,,Holiday,2022-03-02,2023-02-22,2023-01-23,18242.14,0.25,Mobile,OFC5317
311217d7-72ef-423e-a55f-a1078dcc2f7e,PCB-LOAN-202201-964480,19720c0b-051e-47ea-b902-9b819c88f5ca,d6737ea7-cd08-4e65-8521-3373efaa0745,Personal Loan,2022-01-31,2026-01-10,48,397973.38,344163.03,0.2323,12805.83,Current,0,0.0,None,0.0,,Holiday,2022-02-02,2022-05-01,2022-04-01,12607.21,0.0,Branch,OFC9380
12e7a420-2418-4650-9f34-c7920b0deafd,PCB-LOAN-201505-158840,f5706e19-f23a-4611-b644-52e87b465555,b726855b-bb78-43c1-bff4-01e65dd570f6,Business Loan,2015-05-25,2017-05-14,24,3355929.0,965465.24,0.2193,173983.42,NPL,152,869917.1,Property,3574842.3305502837,,Equipment,2015-05-30,2016-09-16,2016-08-17,175121.92,1.0,Broker,OFC4324
89760c03-a373-4d95-8c4d-158a84eda421,PCB-LOAN-201710-677685,cb99875a-50db-48ce-b53a-ee02b61fd057,4ebc30ac-2a3c-408b-b2af-e38f60749d76,Personal Loan,2017-10-12,2021-09-21,48,288655.0,39671.09,0.2778,10023.94,Current,0,0.0,None,0.0,,Education,2017-10-14,2021-02-23,2021-01-24,9880.74,0.0,Branch,OFC6589
39ce1283-3a71-4e0d-9b1e-972825ecfaee,PCB-LOAN-202401-863102,802e7e56-190c-41fd-a9d0-3d2880dd2cc3,2394630b-f57c-4ba1-8501-c26889763147,Business Loan,2024-01-01,2028-12-05,60,553332.0,392626.29,0.1797,14041.97,Current,0,0.0,Cession,843801.1918904721,,Working Capital,2024-01-03,2025-02-24,2025-01-25,14557.66,0.0,Broker,OFC7675
ae967b47-fea5-457e-8f0e-99c5cf7a3772,PCB-LOAN-202304-643647,0164c302-4300-4edf-bd9b-380907bfda6a,b86c0ade-442c-4880-a0f1-e63637de3278,Personal Loan,2023-04-23,2029-03-22,72,359823.13,147172.19,0.165,7904.62,Current,0,0.0,None,0.0,,Holiday,2023-04-25,2026-09-04,2026-08-05,7809.2,0.0,Branch,OFC3725
ff5fd638-bcaa-4a55-b9ea-a356c0694224,PCB-LOAN-202107-953497,fe1a8c18-0675-4320-8f1e-042b27d85a51,ae757f7d-80a3-4353-aa43-45dd08756f67,Personal Loan,2021-07-05,2023-06-25,24,259988.01,21290.39,0.279,14257.11,Current,0,0.0,None,0.0,,Education,2021-07-09,2023-04-26,2023-03-27,13591.56,0.0,Online,OFC3954
c15676ea-d5f6-4076-afef-cde50fcadeb7,PCB-LOAN-201607-371830,ff98f0f3-d8f0-47a8-afc6-cbdedba0b239,ae0af86c-b7f4-462b-afe9-f12f61f68957,Vehicle Finance,2016-07-27,2022-06-26,72,488322.25,87068.71,0.159,10565.74,Current,0,0.0,Vehicle,618051.2,0.7901,Boat,2016-07-29,2021-04-02,2021-03-03,10798.32,0.0,Online,OFC4791
0b2f6dd9-70d8-46ea-9e28-7f773e9ce33d,PCB-LOAN-201903-770945,9e408d90-f7f3-4d45-8029-09016f6613b1,c7937bae-01e1-4d0b-8b39-feb8b01c5e0b,Personal Loan,2019-03-19,2021-03-08,24,337090.11,163835.88,0.134,16089.28,Current,0,0.0,Cession,0.0,,Home Renovation,2019-03-20,2020-03-13,2020-02-12,16465.54,0.0,Online,OFC9791
1ad9e444-3e27-46a5-8ac7-00378c2544e3,PCB-LOAN-202405-866452,0b719cd2-7a5a-498e-93cd-85ee7b521bff,12723882-5ff5-4311-bbd0-1fc12e55746e,Home Loan,2024-05-17,2049-01-06,300,2197167.0,1166479.28,0.0966,19441.51,Current,0,0.0,Property,2639873.84,0.8323,Holiday Home,2024-05-22,2035-05-20,2035-04-20,19722.57,0.0,Branch,OFC2697
913fea0e-a492-4d4d-beb6-dbdeb572a668,PCB-LOAN-201612-918217,58b6ea81-b316-4f19-a7eb-6ad8b9be5b12,a9b886d8-bca1-4828-98e9-fdaa43e9ae9a,Revolving Credit,2016-12-26,2019-12-11,36,278616.08,19928.74,0.2723,11408.97,Current,0,0.0,None,0.0,,Home Improvement,2016-12-27,2019-09-12,2019-08-13,11208.3,0.0,Broker,OFC3726
d2564739-7fa6-4e0d-ae16-79f3d8c987f8,PCB-LOAN-202111-440313,6f7c7fc1-83b4-4940-94af-fdb7c6f73e64,868e4222-f8da-41bd-adf8-7993d06f9976,Home Loan,2021-11-09,2051-06-05,360,2267816.73,1782682.74,0.0905,18329.01,Current,0,0.0,Property,2444821.83,0.9276,Land Purchase,2021-11-11,2024-10-24,2024-09-24,18774.94,0.0,Mobile,OFC4679
8f8e9561-f81e-49be-9f74-6af53bb225f2,PCB-LOAN-201702-992348,7c1c57bc-fea1-40c0-b55c-c843f9ddd24b,ab186317-e559-4542-bca0-e82b54f09258,Personal Loan,2017-02-11,2022-01-16,60,388335.28,298502.06,0.1711,9674.12,Current,0,0.0,None,0.0,,Education,2017-02-16,2017-12-08,2017-11-08,9725.06,0.0,Online,OFC7856
a49708ed-428d-4dcb-926d-a93bbb8e27bf,PCB-LOAN-201707-889155,9730d667-2481-4b8e-9e5f-b736067f3107,cbb36d63-a6c4-474c-819b-203a5199ba81,Personal Loan,2017-07-15,2020-06-29,36,99345.66,92788.43,0.1661,3522.69,Current,0,0.0,Cession,0.0,,Education,2017-07-19,2017-08-14,2017-07-15,3525.01,0.0,Mobile,OFC5273
7fbdf127-be6c-4385-a361-bc9449a3ea14,PCB-LOAN-202406-337854,97ddac20-2ab1-412a-aa23-deabd20e4497,8fd4a71b-f5a9-4402-8203-5dcbcb3e2d8b,Vehicle Finance,2024-06-30,2030-05-30,72,84332.62,11303.11,0.1445,1758.12,Current,0,0.0,Vehicle,117242.62,0.7193,Motorbike,2024-07-05,2029-07-04,2029-06-04,1771.89,0.0,Online,OFC7752
125d2251-a81a-45af-8759-f8242cec6aee,PCB-LOAN-202001-803502,4036648a-b3d3-40a6-84a5-0e91c27de9a9,6e355bad-91fe-41fe-ba3d-7f850c33125c,Personal Loan,2020-01-28,2023-01-12,36,62494.81,10674.64,0.1319,2111.42,Current,0,0.0,None,0.0,,General Expenses,2020-01-31,2022-06-16,2022-05-17,2089.12,0.0,Branch,OFC7291
e79eb2b6-df99-452b-bf45-cbd06b2a632e,PCB-LOAN-202301-714292,ac84016c-2bef-4069-bd21-97b5fa73e5d4,29f5fe09-f475-4cd7-83d3-1996137c8805,Business Loan,2023-01-04,2025-12-19,36,329454.0,17533.9,0.2134,12469.79,Current,0,0.0,Cession,362244.51775562373,,Stock,2023-01-07,2025-10-20,2025-09-20,12981.91,0.0,Branch,OFC6991
282fb6d5-60a5-47f8-8718-5d215e2e5fee,PCB-LOAN-202406-834677,9ff3b164-d84e-4657-873b-3852d2ffea37,95c6871b-b8c7-481f-ad06-430a682fc0f1,Vehicle Finance,2024-06-25,2031-05-20,84,259090.63,178644.15,0.1015,4321.32,61-90 DPD,82,8642.64,Vehicle,290395.24,0.8922,Commercial Vehicle,2024-06-26,2026-01-16,2025-12-17,4270.59,0.75,Broker,OFC1474
d83e3104-0d2f-4435-b53d-93579c67a9c6,PCB-LOAN-201702-350894,30c2e83a-3ad0-4c9e-8a9d-2ec15dd897f2,5fc063d7-d3fd-420f-b12b-06dd7e5d0a2e,Business Loan,2017-02-07,2021-01-17,48,236211.0,183040.04,0.1855,7006.77,Current,0,0.0,Property,416090.4169596175,,Property,2017-02-12,2017-10-05,2017-09-05,7099.09,0.0,Branch,OFC2691
daf32732-684e-4057-912e-1099881f71e7,PCB-LOAN-201504-251954,5a59e0f6-712f-461e-8506-d79ff0bf9914,491eed32-e46e-4b4d-a27e-8a842507e5c0,Business Loan,2015-04-18,2018-04-02,36,953289.0,254649.72,0.1306,32147.63,Current,0,0.0,Cession,1010458.0498907095,,Equipment,2015-04-22,2017-06-06,2017-05-07,31620.71,0.0,Branch,OFC2213
37d4f835-2e8c-4888-9267-ef4d647222f8,PCB-LOAN-201510-823190,fad584d7-e349-456b-9979-82653a51d413,7160ce9f-b5cb-4c0e-8be2-9bb007915cdc,Vehicle Finance,2015-10-15,2022-09-08,84,343341.98,179819.74,0.1266,6182.78,31-60 DPD,37,6182.78,Vehicle,435271.27,0.7888,Boat,2015-10-20,2018-12-28,2018-11-28,6120.22,0.5,Online,OFC9229
62eed445-b53c-411c-9a35-6eb3ffb84a06,PCB-LOAN-201911-432084,f7e17a8d-c52e-4334-94e7-e1870e6b11c7,625a6216-f4b4-48dd-9268-e651ba7b05de,Personal Loan,2019-11-26,2021-11-15,24,476750.72,314364.36,0.2669,25850.95,31-60 DPD,58,25850.95,Cession,0.0,,Education,2019-11-27,2020-07-23,2020-06-23,27077.87,0.5,Branch,OFC8135
2d793e2d-3256-4481-bf3d-a0b552189cd5,PCB-LOAN-202302-996906,2c1f5492-41c0-4eb5-ac83-84e813685831,3a79d750-57c1-432d-9120-80df5b91616f,Vehicle Finance,2023-02-16,2030-01-10,84,317785.9,42633.18,0.1094,5431.25,NPL,149,21725.0,Vehicle,397978.58,0.7985,Boat,2023-02-21,2028-12-16,2028-11-16,5552.79,1.0,Mobile,OFC7226
887f4e88-b337-45a9-b754-a6b8666a50ee,PCB-LOAN-202108-607389,25f2f3a2-bd91-43b7-9779-28b375591b38,44142d46-4486-470b-877d-d1f299d9771e,Business Loan,2021-08-31,2023-08-21,24,393543.0,112644.19,0.1274,18661.73,Current,0,0.0,Cession,713688.8818233956,,Working Capital,2021-09-03,2022-12-24,2022-11-24,18591.26,0.0,Branch,OFC7669
d08f17e4-9bf3-4506-bc43-276501e074c5,PCB-LOAN-202206-309799,c77092ad-e107-4373-89eb-0a50e994a500,ce3ed42b-e963-4fe0-8d3d-0286058d5db6,Vehicle Finance,2022-06-04,2026-05-14,48,478026.15,179395.64,0.1337,12912.2,Current,0,0.0,Vehicle,635166.29,0.7526,Commercial Vehicle,2022-06-09,2024-08-22,2024-07-23,12820.8,0.0,Broker,OFC3410
8a0ff281-d0af-41ad-8581-d0536e8a0a90,PCB-LOAN-202405-966964,a97c8ade-97f8-47e0-8d05-75fbfdef84b4,6efbb845-1eca-42d4-acf2-05c05cf106f2,Personal Loan,2024-05-01,2030-03-31,72,24465.86,1734.39,0.2171,610.53,Current,0,0.0,None,0.0,,Debt Consolidation,2024-05-02,2029-10-02,2029-09-02,589.22,0.0,Online,OFC8110
5d8073bb-1ebf-4f2e-8c31-45ee7862542f,PCB-LOAN-202112-126371,16f56b1b-30e3-4e4a-bb8b-8df59fd9396b,379a5fdb-d5c0-4870-8a1e-5a6f8c29d1a7,Home Loan,2021-12-29,2051-07-25,360,2798198.2,784999.95,0.1154,27795.75,Current,0,0.0,Property,3742407.65,0.7477,Investment Property,2022-01-02,2042-05-13,2042-04-13,29158.74,0.0,Branch,OFC3835
eea17014-6aaf-410b-909e-439ad0a015d4,PCB-LOAN-201912-755469,4036648a-b3d3-40a6-84a5-0e91c27de9a9,6e355bad-91fe-41fe-ba3d-7f850c33125c,Personal Loan,2019-12-18,2024-11-21,60,157831.05,58234.81,0.1571,3813.87,Current,0,0.0,None,0.0,,Home Renovation,2019-12-21,2022-11-02,2022-10-03,3628.48,0.0,Broker,OFC4483
63b4205f-955e-4417-9571-d6cbc66f9c2a,PCB-LOAN-201812-843224,b5b3882d-b5aa-4d83-a6db-9eb5e22b1902,6b8cbf91-fff9-4f00-8979-ee931fa22343,Business Loan,2018-12-06,2019-12-01,12,425781.0,140189.84,0.1422,38273.74,Current,0,0.0,None,0.0,,Equipment,2018-12-07,2019-08-03,2019-07-04,38489.72,0.0,Branch,OFC8996
72f4b195-4b65-4ad1-9d96-e60d5db9e3cf,PCB-LOAN-201506-570861,1983098f-8a8b-4466-8a07-40ccff077da1,7dab3c80-2641-4a99-a5b8-ab98ad26c8d9,Vehicle Finance,2015-06-09,2020-05-13,60,205234.62,166590.64,0.1193,4558.07,Current,0,0.0,Vehicle,256191.01,0.8011,Boat,2015-06-12,2015-11-06,2015-10-07,4487.11,0.0,Branch,OFC8148
e6df673f-d349-4607-aad3-45ffc731cfc2,PCB-LOAN-202105-264727,e2ecc6fb-55cd-42e1-be41-3182bc1305ad,d0ae8a4d-0de1-43bb-8147-cfe82c9e4a9a,Personal Loan,2021-05-27,2027-04-26,72,499253.23,445159.93,0.2575,13679.15,Current,0,0.0,None,0.0,,Medical,2021-05-29,2021-08-25,2021-07-26,13964.89,0.0,Online,OFC8220
22cade79-cf6e-4640-96b6-886598086bed,PCB-LOAN-202312-585817,9a3f7ed0-8efc-4452-905c-031240e0733f,7867629d-04e0-4401-8c0b-ad6a57d69ac8,Personal Loan,2023-12-28,2027-12-07,48,300500.39,107113.66,0.2559,10062.87,Current,0,0.0,None,0.0,,Education,2023-12-29,2026-06-15,2026-05-16,10216.92,0.0,Mobile,OFC6155
f5320049-3d69-4cec-a4ed-5cb7b8366430,PCB-LOAN-201807-536533,7004ba49-cc98-4563-98c1-fb9294bc842a,24aa01ba-7ef5-41ed-a6c8-d2f6607f7334,Home Loan,2018-07-31,2043-03-22,300,2636823.2,2173143.64,0.0972,23442.36,Current,0,0.0,Property,3441878.61,0.7661,Holiday Home,2018-08-01,2021-08-14,2021-07-15,24402.26,0.0,Broker,OFC1866
19aa69da-0f44-4b99-9c5e-1e8f2b4af71c,PCB-LOAN-201906-207883,f8d83d78-b82a-4c81-b612-0515b0350694,39b67ad5-984f-44bb-8a1c-acf71a1980b7,Personal Loan,2019-06-08,2020-06-02,12,405128.53,33744.47,0.1526,36615.94,Current,0,0.0,None,0.0,,Medical,2019-06-09,2020-05-03,2020-04-03,35344.16,0.0,Call Centre,OFC5508
08f71df6-b564-4352-bb0f-3fb1e8c14459,PCB-LOAN-202202-312635,d289ca96-2681-47e6-97d3-3e049227ddd7,7d892f2f-a0ca-4968-a82c-b4bad3abea2a,Personal Loan,2022-02-16,2028-01-16,72,127757.06,44447.81,0.1614,2781.14,Current,0,0.0,Cession,0.0,,Holiday,2022-02-20,2025-09-28,2025-08-29,2738.26,0.0,Online,OFC8335
6476ed8e-62e9-44ad-878d-8065b2b18426,PCB-LOAN-202111-700513,7bebd5d3-e468-4e58-8ba1-a51e5494d51f,47541f2e-5f8f-465b-b73d-cbe5a9e76a05,Home Loan,2021-11-11,2036-08-24,180,2224912.66,506718.05,0.1131,25723.07,Current,0,0.0,Property,3523776.78,0.6314,Land Purchase,2021-11-13,2032-10-14,2032-09-14,25381.38,0.0,Online,OFC9744
123f055d-665a-41cf-932b-56f18f5be592,PCB-LOAN-201512-185529,d5374c4f-2eaa-4516-affc-770060c183f9,e8f46ec0-b2b3-4e94-8ba5-d09acf5a43bf,Home Loan,2015-12-17,2035-09-03,240,2936918.18,2502071.08,0.0903,26480.91,NPL,295,238328.19,Property,3936359.98,0.7461,Holiday Home,2015-12-21,2018-07-04,2018-06-04,26093.89,1.0,Online,OFC1477
64c4268f-859e-4793-8b72-97a003f1a25d,PCB-LOAN-202207-990007,09b9d0bb-c032-4e23-a911-bae00f7df4ca,60e9647e-a04d-46a1-8b8f-e76819c57606,Revolving Credit,2022-07-22,2024-07-11,24,12928.78,3075.84,0.2218,671.87,Current,0,0.0,None,0.0,,Home Improvement,2022-07-23,2024-01-13,2023-12-14,662.16,0.0,Branch,OFC8922
93b09f6d-8d0f-4c40-aa9a-9cdd70719fcc,PCB-LOAN-202101-125545,8b4b6d7b-8850-4165-af91-93d377756d49,ae0af86c-b7f4-462b-afe9-f12f61f68957,Personal Loan,2021-01-10,2022-12-31,24,332631.74,118175.34,0.15,16128.2,Current,0,0.0,None,0.0,,General Expenses,2021-01-13,2022-03-06,2022-02-04,16192.62,0.0,Branch,OFC7964
c3f42df9-850a-458a-a2ee-5f11e6fc1229,PCB-LOAN-201709-750313,dc0c602b-3ae4-4693-9a3a-8741991aff33,4fefb954-b2b4-4f2f-9e34-de2fb716e004,Home Loan,2017-09-25,2047-04-21,360,1340430.54,285291.31,0.1111,12876.77,Current,0,0.0,Property,1965728.9,0.6819,Land Purchase,2017-09-29,2040-01-28,2039-12-29,13009.79,0.0,Broker,OFC9639
ee99ab12-d3da-4a67-8125-71c76a27b57b,PCB-LOAN-202209-669973,e7095fef-429f-48cc-8b19-165c99b972fa,27c5735d-2b24-4438-820d-da31e3eef36d,Home Loan,2022-09-19,2032-07-28,120,1171551.29,872264.67,0.1102,16151.39,Current,0,0.0,Property,1325584.17,0.8838,Primary Residence,2022-09-24,2024-11-07,2024-10-08,15491.34,0.0,Broker,OFC1511
fbd88745-de13-4f4e-8e86-b80cec3e24d2,PCB-LOAN-201505-184322,cb29fca6-4779-47de-b4d8-d702da77cbe5,6cc530ab-4fc6-4709-8b76-d3fe16e6254a,Personal Loan,2015-05-11,2017-04-30,24,414385.44,135842.2,0.1519,20129.59,Current,0,0.0,None,0.0,,Medical,2015-05-12,2016-09-02,2016-08-03,20028.85,0.0,Broker,OFC1960
af2cd922-26c4-452e-a6d6-77787603e27c,PCB-LOAN-201902-707041,aa99ad02-e5e4-4906-9b2b-94fdb2a88683,69d574ec-1d3c-4d31-ab3c-417f6f445b03,Home Loan,2019-02-03,2028-12-12,120,1209596.92,779285.31,0.1131,16875.16,Current,0,0.0,Property,1673024.79,0.723,Primary Residence,2019-02-04,2022-07-17,2022-06-17,17622.24,0.0,Broker,OFC1933
309ab584-e5fc-4fa4-a02e-ae9edf6a605b,PCB-LOAN-202206-279434,0b719cd2-7a5a-498e-93cd-85ee7b521bff,12723882-5ff5-4311-bbd0-1fc12e55746e,Business Loan,2022-06-12,2024-06-01,24,3282118.94,2347063.73,0.1943,166133.57,Current,0,0.0,Cession,3756476.5232089674,,Equipment,2022-06-15,2022-11-09,2022-10-10,162107.84,0.0,Branch,OFC3852
f0fb4eaa-fba5-4aad-aefe-5d6a0100359c,PCB-LOAN-202010-176549,67c9be79-bce5-4b32-a44d-98517a2477e3,4b587167-6685-47e4-a7ab-99422e85a57c,Vehicle Finance,2020-10-11,2025-09-15,60,487122.19,417287.61,0.144,11435.75,Current,0,0.0,Vehicle,658451.19,0.7398,Commercial Vehicle,2020-10-13,2020-11-10,2020-10-11,11321.27,0.0,Online,OFC3213
607edb04-0e6a-4f60-a62c-a0a65954540b,PCB-LOAN-202006-763626,bed3e96b-6b34-4f69-a6b3-76fa24c840c0,58a758a2-fc7f-4a4e-9081-30748ef57276,Business Loan,2020-06-03,2024-05-13,48,6882774.0,818241.76,0.1116,178424.16,1-30 DPD,10,0.0,Cession,8639664.305414245,,Stock,2020-06-06,2023-11-15,2023-10-16,169716.3,0.25,Mobile,OFC2669
fe38fd2a-d49e-4ca9-9bc7-56cd4d0f0619,PCB-LOAN-202405-419753,7f164959-ebef-49cb-89cd-6a303fdad6f3,050a2c77-0f72-4593-a5a8-8e26eccc6d35,Business Loan,2024-05-16,2028-04-25,48,1198401.0,1139502.1,0.1893,35788.08,1-30 DPD,16,0.0,None,0.0,,Expansion,2024-05-21,2024-06-15,2024-05-16,35718.25,0.25,Online,OFC4376
6e238025-401c-4901-9be0-c3453f582f50,PCB-LOAN-201706-816587,974b6582-5a81-48d4-935e-a9de4753d206,d7e33352-6312-4bc3-8d4a-d15bdeba381e,Home Loan,2017-06-16,2032-03-29,180,1235738.64,394507.93,0.1155,14475.08,1-30 DPD,2,0.0,Property,1709891.57,0.7227,Primary Residence,2017-06-20,2027-02-24,2027-01-25,14485.86,0.25,Broker,OFC4263
ab2d0db7-65f5-4e9d-b90e-26d76ef0c65a,PCB-LOAN-201808-856606,5701b798-9883-49d5-9c4b-4a596582d4b3,df80d17f-b723-44d3-b4b9-3ef14ccd5a6e,Home Loan,2018-08-29,2043-04-20,300,2431371.99,1427418.6,0.1204,25679.69,Current,0,0.0,Property,3620268.0,0.6716,Holiday Home,2018-08-30,2027-08-12,2027-07-13,24962.44,0.0,Branch,OFC2597
3310244e-d8a3-406c-8ea5-32257c3b97ba,PCB-LOAN-202005-471071,1232ee60-2ac3-47d6-90fd-51bedb5987b0,bd6dafa4-1ee7-41b1-a438-bfd1f057a829,Home Loan,2020-05-14,2030-03-23,120,2872827.76,590727.09,0.1038,38571.72,Current,0,0.0,Property,3264948.02,0.8799,Land Purchase,2020-05-19,2028-02-02,2028-01-03,40424.97,0.0,Online,OFC4849
689e0d82-8e27-48b6-8348-b696d9faade0,PCB-LOAN-202206-976213,927f9c91-979b-412b-838d-69e9b4cacaa7,856c1dc5-a037-485d-88c6-a65ea96f1acb,Home Loan,2022-06-05,2037-03-18,180,2587192.73,2243216.12,0.1023,28167.27,1-30 DPD,26,0.0,Property,2889104.11,0.8955,Investment Property,2022-06-07,2022-10-03,2022-09-03,27234.42,0.25,Branch,OFC4056
ca55dd1a-6a52-4614-98ba-718fd9a9b6f8,PCB-LOAN-202010-117044,bb3745a9-3830-4172-8ac8-eec5251a31cf,7f7734c7-695a-4e33-8b26-1db77e6b2c27,Personal Loan,2020-10-20,2025-09-24,60,72904.69,32779.85,0.2709,2230.09,31-60 DPD,35,2230.09,None,0.0,,Holiday,2020-10-24,2023-03-09,2023-02-07,2284.73,0.5,Branch,OFC9015
b23f356f-6116-4264-8e3f-1c184785ab7f,PCB-LOAN-202211-590577,dcfecbca-5653-435d-87a6-aafd3d6ffb52,b1e7b675-2430-4673-a41e-be841b2cb3ac,Home Loan,2022-11-18,2032-09-26,120,978856.45,683011.8,0.0901,12405.04,Current,0,0.0,Property,1471522.02,0.6652,Holiday Home,2022-11-21,2025-06-05,2025-05-06,12221.41,0.0,Online,OFC7223
b5a700a6-0fd7-4c22-a96e-8c67696d492d,PCB-LOAN-202307-722015,802e7e56-190c-41fd-a9d0-3d2880dd2cc3,2394630b-f57c-4ba1-8501-c26889763147,Personal Loan,2023-07-05,2026-06-19,36,449790.39,23711.44,0.2279,17362.07,NPL,110,52086.21,None,0.0,,Home Renovation,2023-07-09,2026-04-20,2026-03-21,16879.77,1.0,Broker,OFC5781
5032148b-f50c-4bde-b027-f19996431937,PCB-LOAN-201601-777922,ca8927ca-2a48-4bdf-89d1-f61715f7f11b,33c3f765-9bf6-4cb5-a33c-f5f057363e74,Home Loan,2016-01-18,2030-10-31,180,1182154.73,736184.57,0.0938,12258.9,Current,0,0.0,Property,1495073.64,0.7907,Primary Residence,2016-01-20,2020-05-26,2020-04-26,12729.67,0.0,Mobile,OFC5740
b5cc61f8-cddd-42b5-94b0-6ff8b838d935,PCB-LOAN-202109-614188,a4743f65-c55e-4a81-a1a0-ff9b8aea3402,3beaad72-957c-4804-aeb0-c2b5af985a9a,Personal Loan,2021-09-08,2026-08-13,60,460303.92,428411.74,0.1202,10243.86,Current,0,0.0,None,0.0,,General Expenses,2021-09-10,2021-11-07,2021-10-08,10623.72,0.0,Online,OFC3992
44bb017a-2f95-4462-afe6-612017138f0e,PCB-LOAN-201901-107399,12f2f83e-8dda-4197-ad36-0a7ffee58769,e81083a2-3207-463c-9f68-c68049d5a301,Personal Loan,2019-01-03,2022-12-13,48,93200.18,5101.74,0.128,2491.09,Current,0,0.0,None,0.0,,Medical,2019-01-07,2022-09-14,2022-08-15,2612.53,0.0,Online,OFC3655
edd9b497-8a90-4e18-b415-a3af4e1b46ff,PCB-LOAN-202007-238507,266d162d-2743-4b7d-b21f-4665864269ea,ae0af86c-b7f4-462b-afe9-f12f61f68957,Personal Loan,2020-07-14,2021-07-09,12,409851.59,214036.64,0.2043,38050.8,1-30 DPD,1,0.0,None,0.0,,Medical,2020-07-16,2020-12-11,2020-11-11,38491.64,0.25,Broker,OFC7777
3e380534-cb1c-4fdf-988e-a67a66d80ad0,PCB-LOAN-202308-504483,0fd7e7b5-bec7-48d1-be95-d0dc924bd5c4,dc2c0e67-900f-4508-ae75-ebcb44ab3e5c,Business Loan,2023-08-31,2028-08-04,60,192489.5,31210.31,0.1639,4720.95,Current,0,0.0,None,0.0,,Property,2023-09-02,2027-09-09,2027-08-10,4771.57,0.0,Branch,OFC5239
0f7108d8-fd38-4c4b-96f8-00beb24c661e,PCB-LOAN-201708-424345,19720c0b-051e-47ea-b902-9b819c88f5ca,d6737ea7-cd08-4e65-8521-3373efaa0745,Home Loan,2017-08-04,2032-05-17,180,2006315.06,1552610.3,0.1232,24493.74,Current,0,0.0,Property,3169033.42,0.6331,Investment Property,2017-08-08,2020-09-17,2020-08-18,23422.42,0.0,Online,OFC2145
4631dec5-a3b0-4d4a-813a-7d410b6e098c,PCB-LOAN-201806-584393,ba514b81-7ce2-4fc4-8c11-312504268c01,97b2bf7b-0706-4b97-9b55-941b9fbbfc0d,Personal Loan,2018-06-18,2019-06-13,12,155672.96,49547.07,0.2045,14454.24,Current,0,0.0,None,0.0,,Debt Consolidation,2018-06-20,2019-02-13,2019-01-14,14773.11,0.0,Call Centre,OFC9428
6b9647ab-a5c5-4546-a8d0-8e0ce86ed18b,PCB-LOAN-202012-291942,974b6582-5a81-48d4-935e-a9de4753d206,d7e33352-6312-4bc3-8d4a-d15bdeba381e,Personal Loan,2020-12-23,2022-12-13,24,297227.84,70940.57,0.1651,14625.73,Current,0,0.0,None,0.0,,General Expenses,2020-12-28,2022-06-16,2022-05-17,14628.24,0.0,Branch,OFC9930
64befa72-e292-4503-8b00-eb0e2b83eba0,PCB-LOAN-201601-485760,9a189484-cd9f-435c-b424-c12d0a715eb2,f204a453-cbb5-46ea-83bd-0d60fa26cc40,Home Loan,2016-01-07,2025-11-15,120,1538395.59,160279.91,0.0953,19931.74,Current,0,0.0,Property,2489716.12,0.6179,Holiday Home,2016-01-11,2024-09-21,2024-08-22,20348.52,0.0,Branch,OFC7640
25a18793-1365-4d43-a095-17935df2e736,PCB-LOAN-202010-861549,081f8c64-539d-4d69-9af4-6afab4860f5c,85f77032-c13f-4b2b-a843-252a3ae2b02b,Personal Loan,2020-10-21,2024-09-30,48,274788.04,220965.47,0.1501,7648.95,Current,0,0.0,Cession,0.0,,General Expenses,2020-10-25,2021-07-18,2021-06-18,7823.06,0.0,Branch,OFC9979
5f87cdfa-c9a8-43c3-8157-a1ecc3af2d1c,PCB-LOAN-201901-666919,0da3aca3-eeff-48be-9870-f0b2cd2d53c6,5550e500-a0a0-4a21-a1bb-16274eab35c2,Personal Loan,2019-01-25,2023-12-30,60,435022.77,309993.37,0.1463,10264.86,Current,0,0.0,None,0.0,,General Expenses,2019-01-30,2020-04-19,2020-03-20,10174.35,0.0,Broker,OFC1740
6986298f-9818-4d41-9036-f407509db72c,PCB-LOAN-201904-292553,fe1a8c18-0675-4320-8f1e-042b27d85a51,ae757f7d-80a3-4353-aa43-45dd08756f67,Vehicle Finance,2019-04-23,2023-04-02,48,301296.4,203325.94,0.1148,7857.58,Current,0,0.0,Vehicle,364942.34,0.8256,Boat,2019-04-25,2020-06-16,2020-05-17,7804.72,0.0,Branch,OFC6465
41c338bc-f144-4f73-9e21-ca77a19e2294,PCB-LOAN-201707-238513,2c1f5492-41c0-4eb5-ac83-84e813685831,3a79d750-57c1-432d-9120-80df5b91616f,Home Loan,2017-07-27,2037-04-13,240,1705408.86,1431267.99,0.1133,17987.63,Current,0,0.0,Property,2054957.06,0.8299,Land Purchase,2017-07-30,2020-04-12,2020-03-13,18843.7,0.0,Branch,OFC5596
a9b1c04e-0e48-40a4-86fe-6aeac2532fa0,PCB-LOAN-201812-571628,d5e2eb32-1f5e-4064-955e-ae6cc8e05b87,ae0af86c-b7f4-462b-afe9-f12f61f68957,Personal Loan,2018-12-18,2021-12-02,36,347440.9,213115.06,0.2152,13182.8,31-60 DPD,39,13182.8,None,0.0,,Home Renovation,2018-12-23,2019-12-13,2019-11-13,13021.8,0.5,Branch,OFC6166
0ad4abf4-bb87-464f-83fd-9dcfd7aca196,PCB-LOAN-202208-738268,816dc65f-d7ce-4214-a3f0-1291f7e1b5bc,53e99d47-7fff-49fd-b03c-33b8a0720d63,Personal Loan,2022-08-21,2026-07-31,48,206709.29,115491.29,0.1659,5920.85,Current,0,0.0,Cession,0.0,,General Expenses,2022-08-22,2024-03-13,2024-02-12,5806.77,0.0,Branch,OFC2039
0e259070-1449-40d4-8ac1-d53f55b6c7d3,PCB-LOAN-202202-212846,4da51901-aadc-43ae-bfc1-0006c9ee2b58,6b3f3db1-c525-4453-bcf6-109c7cdcbd44,Revolving Credit,2022-02-25,2023-02-20,12,209890.93,48184.74,0.17,19143.05,Current,0,0.0,None,0.0,,General,2022-02-26,2022-11-22,2022-10-23,19634.69,0.0,Mobile,OFC8027
1ffbd241-8b03-4cf6-afcc-248c7ad7f071,PCB-LOAN-201901-164969,d652bd9c-9352-4d5f-a454-cdcd83f77bcb,17591bfe-1e2c-46e9-9634-e89fbaf9a739,Business Loan,2019-01-01,2019-12-27,12,201804.0,117280.46,0.1259,17985.79,Current,0,0.0,None,0.0,,Stock,2019-01-06,2019-05-01,2019-04-01,18771.78,0.0,Branch,OFC9773
13e68eb9-3f52-4826-bb51-38bf1af277f8,PCB-LOAN-201905-851286,3acebc57-2f2f-4565-9336-7b9605009e45,55e0075a-a469-496e-be56-a1e83e8fdeb5,Vehicle Finance,2019-05-06,2023-04-15,48,518780.99,71162.71,0.1185,13623.32,1-30 DPD,9,0.0,Vehicle,682516.76,0.7601,Commercial Vehicle,2019-05-09,2022-09-17,2022-08-18,13187.77,0.25,Online,OFC3366
1c3a093a-5d08-4088-a63b-3fd544bf1728,PCB-LOAN-201701-820954,a2685fd3-3ce3-4265-8358-1bda3a908030,9ce6ff54-a917-4c5d-95f6-284cd44016f2,Personal Loan,2017-01-12,2018-01-07,12,211473.52,136468.88,0.2192,19784.59,Current,0,0.0,None,0.0,,Debt Consolidation,2017-01-13,2017-05-12,2017-04-12,20424.01,0.0,Branch,OFC7747
521d8c25-f6e4-45eb-82ad-b5f244945028,PCB-LOAN-201808-818128,aa0cf632-0446-46d5-9ce0-006948caa2ce,db617c72-425e-437c-a34a-66b127cb489e,Home Loan,2018-08-16,2033-05-29,180,1775440.43,278552.15,0.0974,18797.57,Current,0,0.0,Property,1945688.14,0.9125,Land Purchase,2018-08-20,2030-11-11,2030-10-12,18956.94,0.0,Broker,OFC4672
3ce84a13-bfe9-4a9f-a6bd-9973c18979c5,PCB-LOAN-202402-395949,b2de4f88-ac8a-44df-8297-4c40d7d082e9,2a7f4c64-9054-40d4-8067-a473a0ab249f,Home Loan,2024-02-18,2053-09-13,360,2025446.83,734392.75,0.1022,18104.9,Current,0,0.0,Property,2511714.82,0.8064,Primary Residence,2024-02-19,2042-11-10,2042-10-11,18458.49,0.0,Branch,OFC9686
e49c6d1b-b698-42df-b132-07b646f1d5e6,PCB-LOAN-201712-272061,a4743f65-c55e-4a81-a1a0-ff9b8aea3402,3beaad72-957c-4804-aeb0-c2b5af985a9a,Personal Loan,2017-12-07,2021-11-16,48,227389.01,60092.73,0.1965,6877.2,Current,0,0.0,None,0.0,,Medical,2017-12-11,2020-10-22,2020-09-22,7029.43,0.0,Branch,OFC9501
57a4544c-7d3d-4770-a7b6-770b4278f3a8,PCB-LOAN-201806-760545,bc102d0c-3acf-4601-878f-8dfa75aa8f45,d60e9eae-5b22-48a3-9889-6f7ce0e658ff,Home Loan,2018-06-17,2028-04-25,120,1315553.52,397039.66,0.1018,17516.53,31-60 DPD,53,17516.53,Property,1584813.3,0.8301,Investment Property,2018-06-18,2024-12-12,2024-11-12,16721.16,0.5,Branch,OFC9824
47d811da-a9e5-4c7f-bdc6-9b7064d97266,PCB-LOAN-201808-357879,524d01df-0017-49ad-b36a-5acc1767602c,2799279c-b182-4474-a958-6a4d2bf44032,Vehicle Finance,2018-08-11,2022-07-21,48,573703.48,119305.12,0.1313,15428.07,31-60 DPD,36,15428.07,Vehicle,694724.49,0.8258,Commercial Vehicle,2018-08-16,2021-09-24,2021-08-25,14794.13,0.5,Mobile,OFC5582
0e9121ab-f1c3-49fc-92b5-d13c63ba09aa,PCB-LOAN-202208-459299,09e0935e-269c-4f51-8b7a-017b90623e9f,43df7783-cc8a-40ac-a068-1df4325a4289,Vehicle Finance,2022-08-30,2026-08-09,48,391966.05,313506.52,0.1472,10853.16,Current,0,0.0,Vehicle,524018.78,0.748,Motorbike,2022-08-31,2023-01-27,2022-12-28,10875.53,0.0,Broker,OFC6600
ac5ea16d-4f32-42b4-b82a-373f28b34d7f,PCB-LOAN-201811-733498,aabcc99d-15c7-42bc-969c-dae285cb001e,d7a05534-7f85-46f9-83b1-f2fe1a243b3b,Home Loan,2018-11-15,2028-09-23,120,2513512.88,1036857.96,0.0988,33049.46,Current,0,0.0,Property,3554678.09,0.7071,Investment Property,2018-11-16,2024-08-15,2024-07-16,34526.55,0.0,Broker,OFC1584
d438813c-4dfd-4905-ba91-25bd4b84ed45,PCB-LOAN-202306-669793,d185f9f0-8fc7-406e-8e5a-ca0aeae36542,c07fb421-32df-432f-a1e3-5dca2a0d375c,Vehicle Finance,2023-06-07,2028-05-11,60,115980.34,65331.49,0.1163,2558.29,Current,0,0.0,Vehicle,135617.8,0.8552,Commercial Vehicle,2023-06-12,2025-05-27,2025-04-27,2614.07,0.0,Broker,OFC5631
ec3e0ab1-a89f-450a-809f-eddda4dd8afd,PCB-LOAN-201909-972714,ff98f0f3-d8f0-47a8-afc6-cbdedba0b239,ae0af86c-b7f4-462b-afe9-f12f61f68957,Revolving Credit,2019-09-14,2022-08-29,36,32257.94,22170.36,0.1821,1169.6,Current,0,0.0,None,0.0,,Emergency,2019-09-15,2020-06-10,2020-05-11,1143.29,0.0,Broker,OFC7489
093016ff-f700-46df-a2ca-3f6066542323,PCB-LOAN-202310-581827,de2e10df-2de0-42e9-9e87-9ee6b625bb39,f65943b2-2e4b-48a0-8a41-2e227b566f3b,Personal Loan,2023-10-04,2027-09-13,48,79973.3,8566.95,0.1371,2173.77,Current,0,0.0,Cession,0.0,,General Expenses,2023-10-06,2027-03-17,2027-02-15,2126.51,0.0,Mobile,OFC8488
1a1b92d6-4736-4f6b-8dcd-9f6c990a3e8f,PCB-LOAN-201509-512539,d431baaa-bbd0-4a79-983a-6f5d7e41b0be,80c51405-b024-45d8-a31d-77e7d67cbe67,Home Loan,2015-09-01,2030-06-14,180,2926869.07,98546.13,0.1167,34508.36,Current,0,0.0,Property,3397016.1,0.8616,Primary Residence,2015-09-02,2029-11-16,2029-10-17,35749.71,0.0,Online,OFC1393
0af73764-652a-41aa-8654-18fab9982fdd,PCB-LOAN-202101-774234,70028cc6-1375-43f1-9ff4-06252c233a53,0e7e9d7a-63f0-4701-8de1-31f5d8a6c9ed,Personal Loan,2021-01-12,2024-12-22,48,88047.67,77134.27,0.197,2665.27,NPL,318,26652.7,Cession,0.0,,Holiday,2021-01-15,2021-04-12,2021-03-13,2738.61,1.0,Online,OFC5441
25594db8-abf1-4d21-aa46-7f126e68c4c6,PCB-LOAN-202011-194870,a32070ba-f27b-4cdc-8e02-fb00804c240c,91230637-2dea-4098-a96c-597f55dba09d,Vehicle Finance,2020-11-11,2026-10-11,72,596014.51,64697.6,0.1111,11378.2,Current,0,0.0,Vehicle,829526.11,0.7185,Motorbike,2020-11-15,2026-01-14,2025-12-15,11600.21,0.0,Branch,OFC7677
08cb3a8c-4092-43f8-9525-aa7505d79eda,PCB-LOAN-202206-505953,010cbbdf-ca53-421b-91d3-b182b9531708,872e3cc2-0ab9-4eb4-9173-8462f88e0f69,Personal Loan,2022-06-14,2027-05-19,60,217147.83,55857.55,0.1636,5322.24,NPL,256,42577.92,Cession,0.0,,Debt Consolidation,2022-06-17,2025-12-25,2025-11-25,5256.07,1.0,Call Centre,OFC7793
ba0e9ad0-d00c-49c1-9761-031857ba3832,PCB-LOAN-202006-592930,80078d77-7e19-49eb-a92c-2b332a8dd506,60c3e059-cf98-494a-9166-875b8ad8ccfb,Home Loan,2020-06-21,2050-01-15,360,2893269.91,274559.46,0.1023,25883.62,1-30 DPD,20,0.0,Property,3935350.8,0.7352,Primary Residence,2020-06-24,2047-01-31,2047-01-01,25957.62,0.25,Branch,OFC2207
ee48eb81-f9e9-4454-b53c-49d85ce172b3,PCB-LOAN-201708-612809,0e4109e4-e46f-422d-8b9f-ab4ffcffd69a,220525ac-03b5-4764-8729-9425eaab39fd,Home Loan,2017-08-10,2042-04-01,300,2329356.14,1561781.41,0.0982,20872.03,Current,0,0.0,Property,2678652.41,0.8696,Primary Residence,2017-08-12,2025-08-28,2025-07-29,21261.91,0.0,Broker,OFC8156
f437a730-47c4-481f-b960-724d612e1c12,PCB-LOAN-201704-706724,04485172-9859-4d78-ab90-1473d401724d,5645f1bd-c1bc-408a-82b9-6dd8df48a4ea,Revolving Credit,2017-04-18,2019-04-08,24,159354.88,45009.43,0.1902,8034.41,NPL,101,24103.23,None,0.0,,Emergency,2017-04-23,2018-09-10,2018-08-11,7856.94,1.0,Online,OFC2465
f876e43f-e8ba-48fb-91af-3651ff31b9e0,PCB-LOAN-202010-154895,239ae69f-6fe0-4b40-91cf-cea7b0f8cec4,37a9d97c-89ca-46b4-b2f8-52876e3aa206,Personal Loan,2020-10-03,2026-09-02,72,127137.94,91662.14,0.2526,3445.05,61-90 DPD,66,6890.1,None,0.0,,Medical,2020-10-06,2021-12-27,2021-11-27,3410.17,0.75,Broker,OFC5216
a68421bc-19ea-4a80-b55e-370f1e8a5ea0,PCB-LOAN-201910-145721,6a2a6c9d-bc95-4782-9f4c-bb6fda12996e,63082938-4002-4e82-a4cc-daa74fcdf859,Home Loan,2019-10-10,2049-05-05,360,2663251.3,1337150.63,0.0973,22842.33,Current,0,0.0,Property,4363124.67,0.6104,Holiday Home,2019-10-11,2033-03-30,2033-02-28,22595.16,0.0,Branch,OFC5656
03e891dc-0b55-4300-9872-cf55c33d677b,PCB-LOAN-202008-178339,524d01df-0017-49ad-b36a-5acc1767602c,2799279c-b182-4474-a958-6a4d2bf44032,Personal Loan,2020-08-24,2022-08-14,24,283395.54,252639.15,0.1982,14398.74,Current,0,0.0,None,0.0,,Home Renovation,2020-08-27,2020-10-23,2020-09-23,14106.31,0.0,Broker,OFC9635
cd296c3e-ee03-4fda-a677-c362734be555,PCB-LOAN-201608-161926,80078d77-7e19-49eb-a92c-2b332a8dd506,60c3e059-cf98-494a-9166-875b8ad8ccfb,Business Loan,2016-08-15,2018-08-05,24,670458.0,50435.83,0.1814,33517.38,Current,0,0.0,Property,1152356.7820537766,,Property,2016-08-19,2018-06-06,2018-05-07,33635.87,0.0,Branch,OFC2640
338c3a3d-35ab-4811-b702-c29a7a44a4cf,PCB-LOAN-201508-725145,2949a668-9ea3-4b41-9f9a-136b86be274f,d7952e5b-22e9-4289-8b87-5a5b800bceb8,Vehicle Finance,2015-08-05,2019-07-15,48,328960.28,84998.61,0.1184,8636.97,Current,0,0.0,Vehicle,386058.3,0.8521,Motorbike,2015-08-06,2018-06-20,2018-05-21,8477.27,0.0,Broker,OFC1457
176690e3-932b-473e-affa-010a6ca6fa94,PCB-LOAN-202003-922674,792cf5fa-6e6c-47f4-8b08-8b279135255f,49e180a3-0dd3-4a46-a180-7cc50a23105f,Home Loan,2020-03-29,2030-02-05,120,2520627.89,1037130.15,0.0989,33156.93,Current,0,0.0,Property,3019077.6,0.8349,Investment Property,2020-03-30,2025-08-30,2025-07-31,33094.64,0.0,Online,OFC4692
d1d09cd3-fcd3-4ff7-87cf-917f46a56a76,PCB-LOAN-201604-500386,d4666d26-f79c-4fef-88f9-91e5cb50d26c,aa7010c4-c3f4-4a08-b6db-f1f90c370670,Personal Loan,2016-04-22,2017-04-17,12,81656.2,70598.25,0.1491,7366.68,Current,0,0.0,None,0.0,,Holiday,2016-04-25,2016-05-22,2016-04-22,7084.54,0.0,Online,OFC6718
c84db97f-7894-425c-9429-d916995b6b84,PCB-LOAN-201706-759352,5427a72c-adea-4248-901b-4111111cdd4b,6c618dea-46ab-4bc4-8435-6b95b0f769f2,Vehicle Finance,2017-06-19,2023-05-19,72,91804.42,6219.52,0.1301,1843.38,Current,0,0.0,Vehicle,124295.18,0.7386,Boat,2017-06-23,2022-12-20,2022-11-20,1862.18,0.0,Broker,OFC2850
e448fcb7-2c79-4806-9bc1-5e456345956e,PCB-LOAN-202309-492171,a402e265-cc8d-46d1-9ec2-5bd8cf1ace26,4ebf2027-4735-4f93-9c60-fbc96ddc0d22,Personal Loan,2023-09-04,2024-08-29,12,310468.54,0.0,0.1574,28130.89,Current,0,0.0,None,0.0,,Home Renovation,2023-09-06,2024-08-29,2024-07-30,27238.32,0.0,Online,OFC8509
9041281b-1577-438c-a20c-5bf04e3d6876,PCB-LOAN-201606-148551,c978e671-abb7-4632-8b23-ab955c9acf81,d18e1089-a842-43b7-969c-6d1d1f295c36,Home Loan,2016-06-24,2041-02-13,300,1516891.98,1274160.29,0.1244,16471.62,1-30 DPD,1,0.0,Property,1988584.14,0.7628,Land Purchase,2016-06-27,2018-02-14,2018-01-15,16379.84,0.25,Online,OFC7577
e91d3c56-c07c-4ee1-8f2d-42f7d0ea1295,PCB-LOAN-202310-366517,2d3e12b7-908b-4db3-910f-ad4b6ada7101,37981b40-536d-4828-97fb-ac0463fa55f7,Vehicle Finance,2023-10-07,2030-08-31,84,530049.48,141146.95,0.1323,9709.04,Current,0,0.0,Vehicle,664722.2,0.7974,Commercial Vehicle,2023-10-12,2028-09-10,2028-08-11,9721.06,0.0,Broker,OFC9133
6b2bd3a6-adec-41ba-89de-53e7eb03618d,PCB-LOAN-202104-910363,c9ca7a54-56dd-4c60-a8cf-de37d2a8a959,15e24fab-59c4-4c69-bdb1-02c86aa7f450,Business Loan,2021-04-26,2022-04-21,12,65050.24,29731.24,0.1568,5892.22,1-30 DPD,13,0.0,Property,73510.7207000659,,Stock,2021-05-01,2021-10-23,2021-09-23,5893.03,0.25,Online,OFC4971
775e4b3b-e478-4524-a036-79430d7a3d40,PCB-LOAN-202007-855046,e417ee31-9fd2-4d0e-9e0a-8c66465bdcf4,67c48576-0fee-454f-95b1-e06ea922bd90,Home Loan,2020-07-17,2030-05-26,120,1823756.97,445616.52,0.1051,24619.08,Current,0,0.0,Property,2927378.76,0.623,Holiday Home,2020-07-20,2027-12-08,2027-11-08,23577.34,0.0,Online,OFC1917
23c8487f-c17b-4664-9440-e775f9195705,PCB-LOAN-201501-802864,cb99875a-50db-48ce-b53a-ee02b61fd057,4ebc30ac-2a3c-408b-b2af-e38f60749d76,Home Loan,2015-01-26,2044-08-21,360,1251032.53,762546.05,0.1089,11810.01,Current,0,0.0,Property,1982933.16,0.6309,Investment Property,2015-01-27,2023-09-11,2023-08-12,11467.51,0.0,Branch,OFC5955
4a8db3fa-1cfe-49ca-8638-ed1ea002aba1,PCB-LOAN-201809-562935,3b94310a-469f-495b-bdb5-1debc79f830b,ae0af86c-b7f4-462b-afe9-f12f61f68957,Revolving Credit,2018-09-15,2021-08-30,36,292662.95,133768.1,0.2659,11883.75,Current,0,0.0,None,0.0,,Home Improvement,2018-09-18,2020-04-07,2020-03-08,12475.45,0.0,Online,OFC5941
618a9576-f3f8-41c2-bdb2-bfb66efd5188,PCB-LOAN-201703-834446,b936840a-f46d-48a0-bc42-0b8a911b72ff,0b7f73fe-afc4-4968-bbdb-8e2964d4ed08,Personal Loan,2017-03-22,2021-03-01,48,442786.42,124195.96,0.1357,12004.5,Current,0,0.0,None,0.0,,Medical,2017-03-24,2020-01-06,2019-12-07,12568.13,0.0,Branch,OFC6817
ec72bfc0-c9a8-4f12-b32c-e076369aff44,PCB-LOAN-202207-548326,bf2b334b-61d9-4d8b-839b-e5b3731c244a,3101a052-2ef4-4387-a617-40195570d551,Revolving Credit,2022-07-24,2023-07-19,12,211257.91,92152.45,0.2338,19913.13,Current,0,0.0,None,0.0,,General,2022-07-28,2023-01-20,2022-12-21,20424.36,0.0,Mobile,OFC5264
35779f98-605b-402d-871f-6121642da718,PCB-LOAN-202304-933689,8931f44e-bcba-4267-9d91-cf99c1259d56,072b6e58-b5b1-4229-bf61-9b2b619a2294,Revolving Credit,2023-04-24,2025-04-13,24,73762.59,13111.28,0.2245,3843.08,Current,0,0.0,None,0.0,,Emergency,2023-04-25,2024-11-14,2024-10-15,4004.95,0.0,Branch,OFC9349
3cca0453-f834-44c0-a7bd-91550d3cfc78,PCB-LOAN-201806-291899,1bf46838-92d1-4b07-adc1-26f9bc1a6bdd,d7ea2ad6-011d-4418-85b2-c81effbd87a0,Home Loan,2018-06-13,2048-01-07,360,2355074.5,1540385.88,0.1155,23411.99,Current,0,0.0,Property,3450658.61,0.6825,Holiday Home,2018-06-16,2026-05-02,2026-04-02,22971.79,0.0,Branch,OFC6814
898050ac-edbc-4a2a-8722-2364331d74ba,PCB-LOAN-201706-500373,7bebd5d3-e468-4e58-8ba1-a51e5494d51f,47541f2e-5f8f-465b-b73d-cbe5a9e76a05,Business Loan,2017-06-28,2019-06-18,24,800845.49,160937.08,0.1935,40505.83,Current,0,0.0,Cession,1068173.2608837024,,Stock,2017-07-03,2019-01-19,2018-12-20,39105.1,0.0,Online,OFC6673
915fd184-eef5-4f73-9949-d5a6f2cf5d8b,PCB-LOAN-201511-583956,83f7973c-e132-4c9a-987e-1e4aee189ddb,58d80aa3-fd95-4772-9ad5-9d571db39c9c,Home Loan,2015-11-09,2025-09-17,120,1016984.4,605111.78,0.0914,12959.91,Current,0,0.0,Property,1338137.37,0.76,Primary Residence,2015-11-11,2019-06-21,2019-05-22,13411.86,0.0,Branch,OFC5984
7af1c1fd-c9f4-4573-8c45-a1776e05806d,PCB-LOAN-201705-685107,d02aaa23-8d0f-485d-be99-dd27de191080,2b856080-7195-4ecf-8ee8-a8dc8fa247f5,Personal Loan,2017-05-07,2018-05-02,12,401195.48,268364.94,0.2016,37195.27,Current,0,0.0,Cession,0.0,,Education,2017-05-08,2017-08-05,2017-07-06,37211.32,0.0,Branch,OFC6339
025f00a1-1dde-42eb-a66c-34f7e92c3da1,PCB-LOAN-201906-796307,f08a0cb8-0801-4ed0-bad6-d7251ed2fea2,fafc33ea-40db-4d16-a2c7-eea56b35465f,Business Loan,2019-06-21,2024-05-25,60,497826.0,305001.63,0.1766,12549.61,Current,0,0.0,None,0.0,,Property,2019-06-22,2020-12-12,2020-11-12,12092.19,0.0,Broker,OFC3579
2465adc7-7ef7-40b3-a902-ceaa1fc96969,PCB-LOAN-202404-958217,8931f44e-bcba-4267-9d91-cf99c1259d56,072b6e58-b5b1-4229-bf61-9b2b619a2294,Personal Loan,2024-04-24,2029-03-29,60,417743.52,110748.38,0.1625,10214.28,Current,0,0.0,None,0.0,,Education,2024-04-26,2027-12-05,2027-11-05,10510.08,0.0,Mobile,OFC6219
6eefb8b3-af74-47a3-a95f-e9755c1bd4fc,PCB-LOAN-201710-313342,bd5e639e-5096-4b8e-ab11-dd6fbdee615b,92a046f8-4777-4db8-933a-d53d00eddcb4,Home Loan,2017-10-09,2027-08-18,120,2124568.07,1923460.08,0.1063,28822.73,Current,0,0.0,Property,3235711.35,0.6566,Land Purchase,2017-10-13,2017-12-08,2017-11-08,29110.8,0.0,Online,OFC4174
89c38a03-b353-46c6-b7e9-c568fc4327d6,PCB-LOAN-202006-415451,f7ab8165-8a52-4b8d-a059-75f1ff4b3fe3,ae0af86c-b7f4-462b-afe9-f12f61f68957,Personal Loan,2020-06-02,2021-05-28,12,117849.59,81383.33,0.2631,11275.97,31-60 DPD,40,11275.97,None,0.0,,Education,2020-06-04,2020-08-31,2020-08-01,10850.77,0.5,Branch,OFC9950
06cb0526-38b3-4886-bf3b-e2caaaae330b,PCB-LOAN-201803-437120,2949a668-9ea3-4b41-9f9a-136b86be274f,d7952e5b-22e9-4289-8b87-5a5b800bceb8,Home Loan,2018-03-31,2028-02-07,120,1974638.33,804171.24,0.1025,26369.12,Current,0,0.0,Property,2464908.66,0.8011,Land Purchase,2018-04-01,2023-12-30,2023-11-30,25952.7,0.0,Online,OFC9364
45e76097-5b12-4aa0-bbd3-bf3ced8bc39d,PCB-LOAN-201610-462987,bc80fda9-a265-4cc7-a7a8-0b409e702e86,d4e2b804-4352-4b16-809b-e6476f4e4431,Vehicle Finance,2016-10-03,2023-08-28,84,248497.39,141367.45,0.1129,4292.87,Current,0,0.0,Vehicle,344226.89,0.7219,Motorbike,2016-10-04,2019-01-21,2018-12-22,4477.88,0.0,Branch,OFC1690
e4230d2b-01e9-4b1a-a708-1a6f42e63be2,PCB-LOAN-201501-478685,9ea34091-686a-455c-b717-750778b00e4e,f000b80f-5d57-4926-ae1d-ed12081e4182,Personal Loan,2015-01-01,2020-11-30,72,393033.29,205797.02,0.2298,10105.32,Current,0,0.0,None,0.0,,General Expenses,2015-01-02,2017-09-17,2017-08-18,10148.88,0.0,Online,OFC1996
cb715e08-f28a-458f-beed-e1503c8e3f2e,PCB-LOAN-202112-236965,92c7a67a-0282-45bd-b9e5-b0c203b7dba1,aac5f32c-1732-4eeb-b771-b11f29217999,Personal Loan,2021-12-16,2022-12-11,12,358081.96,220798.95,0.2353,33778.69,Current,0,0.0,None,0.0,,General Expenses,2021-12-21,2022-04-15,2022-03-16,32329.41,0.0,Branch,OFC2140
aacd1b39-c1ca-4fe1-be5d-bcd549f8ebe5,PCB-LOAN-202308-510429,4989f769-f5ee-4ff3-8a2e-29a32a8bb920,aeef1087-4793-40b9-bd23-34bae9dd807a,Personal Loan,2023-08-04,2027-07-14,48,369176.49,294709.74,0.206,11352.53,Current,0,0.0,None,0.0,,Debt Consolidation,2023-08-06,2024-03-01,2024-01-31,11682.31,0.0,Online,OFC6783
4aca32bf-b573-4b7a-9a69-b065ea3e2a3f,PCB-LOAN-202009-835050,0f365b68-bb19-4fe7-8ba6-11bf8ee9517b,d9e00ed1-bace-43da-85fa-1b4cc5bee7f2,Vehicle Finance,2020-09-20,2024-08-30,48,435899.83,159146.12,0.1052,11164.72,Current,0,0.0,Vehicle,505625.6,0.8621,Private Vehicle,2020-09-24,2023-02-07,2023-01-08,11126.85,0.0,Branch,OFC1187
b9f31f4f-271d-4fbf-85cd-dec90f1e2f71,PCB-LOAN-202001-942125,10b6de91-4e72-4c04-aca0-97c660004ffa,35c70ef7-c8a5-413b-a104-498ea997db58,Personal Loan,2020-01-24,2022-01-13,24,496393.03,391958.71,0.2503,26500.72,NPL,329,265007.2,None,0.0,,Holiday,2020-01-28,2020-03-24,2020-02-23,26992.77,1.0,Broker,OFC1610
4f5fb361-25ed-40e0-9735-34134d5df470,PCB-LOAN-201503-861824,1d8706dd-c6cf-479c-92a0-90c81229ba91,1341bea1-42a8-4c2e-9b37-06e55b258eb1,Revolving Credit,2015-03-12,2016-03-06,12,200652.95,121905.44,0.2601,19169.38,Current,0,0.0,None,0.0,,Home Improvement,2015-03-15,2015-07-10,2015-06-10,19100.5,0.0,Online,OFC1311
5938ac16-075f-47cf-9a2e-9cc879eb6e4a,PCB-LOAN-201704-866392,93c73736-9251-4422-849a-28d5d4bdc725,590fcdf1-cae2-4a8b-a0f3-bb567d44dc55,Home Loan,2017-04-22,2037-01-07,240,1752971.37,996741.53,0.1073,17772.97,Current,0,0.0,Property,2391176.33,0.7331,Primary Residence,2017-04-27,2024-02-15,2024-01-16,18605.23,0.0,Online,OFC3615
cd62387b-a356-4510-b028-db9cd090f324,PCB-LOAN-202010-263504,a4743f65-c55e-4a81-a1a0-ff9b8aea3402,3beaad72-957c-4804-aeb0-c2b5af985a9a,Personal Loan,2020-10-12,2025-09-16,60,424513.07,6880.22,0.1454,9996.92,Current,0,0.0,None,0.0,,General Expenses,2020-10-17,2025-08-17,2025-07-18,9606.97,0.0,Call Centre,OFC5769
feeb2289-69c6-49ee-a985-5731ca3a1798,PCB-LOAN-202006-646181,4da51901-aadc-43ae-bfc1-0006c9ee2b58,6b3f3db1-c525-4453-bcf6-109c7cdcbd44,Home Loan,2020-06-23,2040-03-10,240,1360373.93,654995.49,0.0925,12459.21,Current,0,0.0,Property,1673482.51,0.8129,Holiday Home,2020-06-24,2029-03-08,2029-02-06,12590.86,0.0,Mobile,OFC4682
fb1903db-f9ed-4bc5-8811-0294c800c604,PCB-LOAN-201804-206143,f555d33d-f80b-4502-ab66-8e64ef1b51f0,5d4df3a3-420b-4f1f-8676-c915f882f32d,Personal Loan,2018-04-08,2019-04-03,12,165693.72,12679.91,0.1422,14894.32,Current,0,0.0,Cession,0.0,,General Expenses,2018-04-10,2019-03-04,2019-02-02,15426.11,0.0,Online,OFC7227
8bca0e37-ba14-4014-a48b-8628b24979ba,PCB-LOAN-202106-624771,b2ebfe50-e47c-439c-abf6-a9f68942352d,e82178cd-a4b0-4b70-a302-64ff8846651f,Personal Loan,2021-06-25,2026-05-30,60,145930.53,69842.91,0.2064,3918.42,Current,0,0.0,None,0.0,,General Expenses,2021-06-28,2023-09-13,2023-08-14,3962.84,0.0,Call Centre,OFC7470
0b8b4be3-1b79-48ed-a4fc-c13fb69bcd02,PCB-LOAN-202206-907845,5a59e0f6-712f-461e-8506-d79ff0bf9914,491eed32-e46e-4b4d-a27e-8a842507e5c0,Personal Loan,2022-06-19,2025-06-03,36,230116.97,129158.7,0.2577,9243.38,Current,0,0.0,None,0.0,,Holiday,2022-06-21,2023-07-14,2023-06-14,9531.11,0.0,Branch,OFC4042
39ea3415-ed17-4ad6-a95c-ae367c6b7b0d,PCB-LOAN-202311-639469,00a189c0-4f82-4e48-80fd-1cbd70ae9eee,a44d3a74-0983-4d99-bd53-62decc175181,Home Loan,2023-11-08,2043-07-26,240,1113482.39,451284.73,0.0975,10561.57,Current,0,0.0,Property,1260308.31,0.8835,Holiday Home,2023-11-10,2034-08-12,2034-07-13,10638.61,0.0,Branch,OFC8322
6a393649-be47-44e6-8c0e-f063bf13736c,PCB-LOAN-201512-532924,85ce4f3b-c7f7-4a94-bb92-3bd49ee0b3b2,cd0e5197-ffee-4c5c-98a5-8e378e49a22c,Home Loan,2015-12-18,2030-09-30,180,1501283.39,1073706.39,0.1194,17960.01,Current,0,0.0,Property,1636276.17,0.9175,Investment Property,2015-12-19,2019-01-31,2019-01-01,17275.55,0.0,Branch,OFC1122
82a769fb-4b88-4493-a917-58ce973dc96d,PCB-LOAN-201507-738541,459d70ae-5ef9-4801-b372-a47c6f8b9336,f2e0e2d9-22b9-4ce9-99c1-ecf9a4a03100,Personal Loan,2015-07-12,2016-07-06,12,166579.15,71618.49,0.1795,15268.01,Current,0,0.0,None,0.0,,Education,2015-07-17,2016-01-08,2015-12-09,15757.95,0.0,Online,OFC3950
529cf113-0e80-431b-9d3e-9d511cb73a4d,PCB-LOAN-201503-476769,0da3aca3-eeff-48be-9870-f0b2cd2d53c6,5550e500-a0a0-4a21-a1bb-16274eab35c2,Personal Loan,2015-03-25,2019-03-04,48,396428.24,112649.29,0.218,12446.89,Current,0,0.0,None,0.0,,Education,2015-03-27,2017-11-09,2017-10-10,11914.48,0.0,Online,OFC3239
1f6794b5-73e3-453a-a1cb-f5b69261682c,PCB-LOAN-202107-695590,5f07ee40-578a-4751-985d-4e36af164992,78a218ef-f8f6-496f-903b-dfa91c2ba2f4,Business Loan,2021-07-20,2023-07-10,24,3504687.0,721778.21,0.1221,165321.7,Current,0,0.0,None,0.0,,Working Capital,2021-07-23,2023-02-10,2023-01-11,158950.9,0.0,Branch,OFC5110
2bcb4906-e6c5-4255-9db4-7ac1d6494922,PCB-LOAN-202011-626164,d2a252aa-3d52-420a-b18f-5c134e1fa217,eeb5ce1e-81c5-4b18-a237-66f69d8d450a,Personal Loan,2020-11-24,2025-10-29,60,139462.87,29600.36,0.1716,3478.02,Current,0,0.0,None,0.0,,Holiday,2020-11-26,2024-10-04,2024-09-04,3532.06,0.0,Online,OFC7342
bba9b3fb-a03c-4ca5-9ab2-67c738bd6382,PCB-LOAN-201912-898603,1665e346-afc9-4443-aaaf-51e2aca1f94a,b7e5bb5e-d79a-4d20-a70f-c0b800bcdcb1,Business Loan,2019-12-24,2020-12-18,12,647940.0,158789.1,0.1826,59483.34,Current,0,0.0,None,0.0,,Stock,2019-12-25,2020-09-19,2020-08-20,60154.76,0.0,Online,OFC1207
1a4f23f0-b107-4669-ad2c-ce945315c182,PCB-LOAN-201902-530846,7c1c57bc-fea1-40c0-b55c-c843f9ddd24b,ab186317-e559-4542-bca0-e82b54f09258,Home Loan,2019-02-23,2048-09-18,360,1714202.12,1081920.39,0.0914,13965.89,Current,0,0.0,Property,1892891.03,0.9056,Investment Property,2019-02-27,2027-03-13,2027-02-11,13526.84,0.0,Broker,OFC7020
a1f38a4c-2ac0-4ec5-89b4-46b2730deb11,PCB-LOAN-201504-636987,c7468853-ec6f-4a05-b929-c1121429714f,5fc08056-a748-4395-b7b6-6ba8eb225d6d,Business Loan,2015-04-29,2017-04-18,24,1119021.0,551376.1,0.1908,56451.81,Current,0,0.0,Cession,1456078.8985691173,,Stock,2015-05-03,2016-04-23,2016-03-24,56609.38,0.0,Online,OFC2596
8588aec0-42bf-4c24-a1cf-dba3422ebd0d,PCB-LOAN-201901-624421,00a189c0-4f82-4e48-80fd-1cbd70ae9eee,a44d3a74-0983-4d99-bd53-62decc175181,Home Loan,2019-01-25,2038-10-12,240,1496620.68,516303.69,0.1118,15631.7,Current,0,0.0,Property,1829609.63,0.818,Primary Residence,2019-01-26,2031-05-22,2031-04-22,16300.33,0.0,Branch,OFC9146
edb8eedf-32f0-4ba8-bc04-82d73a8cf8d2,PCB-LOAN-202310-211321,6a8419d0-42ff-4de5-a777-1a27ae772fa9,ae0af86c-b7f4-462b-afe9-f12f61f68957,Personal Loan,2023-10-02,2025-09-21,24,154927.72,109566.65,0.1202,7294.43,Current,0,0.0,None,0.0,,Education,2023-10-06,2024-04-29,2024-03-30,6938.58,0.0,Branch,OFC6276
832e5d75-e728-4494-bcc0-870623c91406,PCB-LOAN-201607-853443,f57764d2-0f1d-4b35-81f2-6587b8513e24,3325c974-6ea9-4ca6-aa22-45306b7c9639,Vehicle Finance,2016-07-01,2021-06-05,60,564717.88,480769.25,0.1159,12445.15,Current,0,0.0,Vehicle,662581.11,0.8523,Motorbike,2016-07-02,2017-01-27,2016-12-28,12555.04,0.0,Branch,OFC4598
1cdfa208-786f-4bed-b71b-325f9de3b187,PCB-LOAN-201911-382427,8f737087-08dc-4f04-8ac2-54f2df51532c,edbe2a80-ea1c-41ce-a0c2-000d7a29100c,Personal Loan,2019-11-01,2020-10-26,12,152918.68,34237.32,0.1313,13667.61,Current,0,0.0,Cession,0.0,,Holiday,2019-11-02,2020-07-28,2020-06-28,13134.69,0.0,Online,OFC1832
e0c8ac8d-176e-47f8-b45f-0118863d1a60,PCB-LOAN-201904-897209,0b719cd2-7a5a-498e-93cd-85ee7b521bff,12723882-5ff5-4311-bbd0-1fc12e55746e,Revolving Credit,2019-04-11,2020-04-05,12,171824.84,107147.48,0.2774,16560.28,Current,0,0.0,None,0.0,,General,2019-04-12,2019-08-09,2019-07-10,15977.78,0.0,Branch,OFC8383
f40ca3f1-4332-4d15-ba63-b01820be133c,PCB-LOAN-201908-239057,124ec93d-f7de-4fe4-9ff8-56fcac806005,a2813cd1-0266-4141-adf7-6bf5bbd76db6,Personal Loan,2019-08-17,2022-08-01,36,53481.73,12346.84,0.2419,2103.58,Current,0,0.0,Cession,0.0,,Medical,2019-08-19,2021-11-04,2021-10-05,2073.9,0.0,Branch,OFC4838
3fd12538-21ee-4581-b086-703e83876194,PCB-LOAN-201505-321439,92c6dc2b-7b16-4fd7-a618-1e8f1015a418,d0e49c18-23de-4bf7-8451-690bc424bb8f,Personal Loan,2015-05-21,2016-05-15,12,22813.97,4896.42,0.258,2177.2,Current,0,0.0,Cession,0.0,,General Expenses,2015-05-23,2016-02-15,2016-01-16,2102.66,0.0,Branch,OFC5630
43933cc4-eb68-4202-a8ca-6e3096606929,PCB-LOAN-202307-962007,919f035a-d76e-41e6-b5d5-bf87e5a78404,b5cf0684-af0b-47cc-9d3e-5f96a2f99400,Home Loan,2023-07-01,2043-03-18,240,2410484.83,1997460.61,0.1165,25955.71,Current,0,0.0,Property,3323889.73,0.7252,Primary Residence,2023-07-05,2025-01-21,2024-12-22,25144.32,0.0,Call Centre,OFC9969
6f44348a-286b-4ca7-98ae-a8ddd6eb2c6b,PCB-LOAN-202004-611158,0cd02dcb-48ca-4fcc-9f36-237f3d836497,6549e4f6-efb0-46e0-b429-0cd36ab43363,Vehicle Finance,2020-04-02,2024-03-12,48,114818.19,26310.24,0.1396,3135.27,Current,0,0.0,Vehicle,160899.93,0.7136,Boat,2020-04-06,2023-04-17,2023-03-18,3037.11,0.0,Online,OFC2894
93bd6702-6284-4c28-a060-93b477d81808,PCB-LOAN-202402-613028,fad584d7-e349-456b-9979-82653a51d413,7160ce9f-b5cb-4c0e-8be2-9bb007915cdc,Vehicle Finance,2024-02-28,2031-01-22,84,387176.33,8611.43,0.1323,7092.0,Current,0,0.0,Vehicle,505518.12,0.7659,Motorbike,2024-03-03,2030-11-23,2030-10-24,7241.81,0.0,Branch,OFC5230
38eb793a-7afb-4a20-89ae-396b0943f8e5,PCB-LOAN-201810-252523,c1dc20be-75a1-4a1d-ac08-a8936903ed07,00fe6982-263c-4b58-8179-a46e1275ec98,Personal Loan,2018-10-07,2022-09-16,48,63097.15,21986.14,0.1658,1806.99,Current,0,0.0,None,0.0,,Holiday,2018-10-12,2021-04-24,2021-03-25,1730.13,0.0,Branch,OFC2907
cac5513c-ff86-4bb5-9b36-3fda5c3e722b,PCB-LOAN-201801-509499,148694da-57d4-425a-9f97-96d8293011be,5d46670a-5225-449b-86c3-a18bc4e72537,Personal Loan,2018-01-22,2019-01-17,12,482084.58,217604.36,0.2185,45085.61,Current,0,0.0,Cession,0.0,,Education,2018-01-25,2018-07-21,2018-06-21,44295.42,0.0,Branch,OFC1571
626305d8-21be-4d24-9bc3-e03919b8823f,PCB-LOAN-201506-426199,0ebc03c1-6701-445a-b1f1-b2a9bda64229,7f7e887e-9d2a-474e-8a15-668d5671f0e0,Vehicle Finance,2015-06-20,2021-05-19,72,312541.83,232923.25,0.1553,6698.99,Current,0,0.0,Vehicle,352915.35,0.8856,Private Vehicle,2015-06-23,2016-05-15,2016-04-15,6459.9,0.0,Mobile,OFC5297
b5406a14-4159-47e9-bed1-6f662469437b,PCB-LOAN-201508-260527,ee7269b4-5c6a-47bd-abbc-c9fa164cc8dd,33e8f73e-0a0a-4b1c-a17e-4383868fa8c1,Home Loan,2015-08-19,2035-05-06,240,1749963.27,492203.74,0.0998,16864.34,Current,0,0.0,Property,2596769.95,0.6739,Holiday Home,2015-08-21,2029-01-07,2028-12-08,16559.26,0.0,Broker,OFC8387
b3c0dde3-145f-4bbc-b706-ae1fdf14489b,PCB-LOAN-202205-815982,25f2f3a2-bd91-43b7-9779-28b375591b38,44142d46-4486-470b-877d-d1f299d9771e,Personal Loan,2022-05-05,2024-04-24,24,290735.01,93203.97,0.1559,14178.4,Current,0,0.0,None,0.0,,Holiday,2022-05-06,2023-07-29,2023-06-29,13778.98,0.0,Online,OFC2361
c57d085b-06b2-46b5-8f22-7416d14665eb,PCB-LOAN-201711-667617,4a035d91-94df-4696-9323-c122be95d715,e9abe7d2-8526-4438-a0b1-7cbfc8f7739f,Business Loan,2017-11-08,2019-10-29,24,225144.0,169358.63,0.1892,11340.45,1-30 DPD,12,0.0,Property,448018.82044786494,,Property,2017-11-10,2018-03-08,2018-02-06,11805.33,0.25,Online,OFC5849
4d4f7e60-5af4-4280-b2f5-a4741b3dcbc4,PCB-LOAN-202211-309530,80078d77-7e19-49eb-a92c-2b332a8dd506,60c3e059-cf98-494a-9166-875b8ad8ccfb,Home Loan,2022-11-01,2037-08-14,180,1198716.48,822946.4,0.0942,12459.49,Current,0,0.0,Property,1676761.06,0.7149,Holiday Home,2022-11-03,2027-06-08,2027-05-09,12448.16,0.0,Broker,OFC1471
c27e2445-5aa0-4f47-a184-4972eeb80596,PCB-LOAN-202012-561048,06d8b200-1ce9-464d-8b7a-2848f4a67a90,28b3768b-51b2-45a9-86a8-749ccb289296,Personal Loan,2020-12-30,2021-12-25,12,226811.32,168247.99,0.258,21645.25,Current,0,0.0,Cession,0.0,,General Expenses,2021-01-02,2021-02-28,2021-01-29,21944.99,0.0,Online,OFC5369
7ac9126a-b538-4507-bb11-e4ecddc18f7e,PCB-LOAN-202103-955835,e71a08cf-be56-47a3-b46e-9ecf60c33100,da140cb1-fcc7-4b03-9a32-c0f16479d0ae,Personal Loan,2021-03-17,2027-02-14,72,423793.76,309274.29,0.1943,10011.52,1-30 DPD,5,0.0,None,0.0,,Holiday,2021-03-20,2022-06-10,2022-05-11,9801.92,0.25,Mobile,OFC5147
a0a5b4a9-de62-40f4-88af-ca00e5c8443b,PCB-LOAN-202006-255875,ebd29172-bc11-4332-a0a3-495a9dccc198,6a6b8624-1c6e-485c-a3d8-8c48adab1e97,Home Loan,2020-06-19,2045-02-08,300,2694995.84,1807470.83,0.1092,26258.28,Current,0,0.0,Property,4188027.72,0.6435,Land Purchase,2020-06-22,2026-12-15,2026-11-15,27130.97,0.0,Broker,OFC5642
9ba697c7-a1ae-4533-b7a8-965eff188568,PCB-LOAN-201905-211256,27e72397-804b-4346-a95f-d29af20c2e6b,9a600c4d-776f-4c52-90b3-f6d118669431,Home Loan,2019-05-26,2029-04-03,120,2246544.2,732067.03,0.119,32101.65,Current,0,0.0,Property,3631658.91,0.6186,Primary Residence,2019-05-27,2025-12-20,2025-11-20,30844.19,0.0,Branch,OFC9026
4a20ef85-629c-45c7-ba09-9d5c2bf939c4,PCB-LOAN-202312-242269,0a9a3294-c936-41b8-828c-3ca45cc8d16c,ae0af86c-b7f4-462b-afe9-f12f61f68957,Home Loan,2023-12-27,2043-09-13,240,1460064.23,415553.34,0.1149,15560.5,Current,0,0.0,Property,1887119.34,0.7737,Primary Residence,2023-12-31,2037-10-14,2037-09-14,14859.18,0.0,Branch,OFC8584
6f96204e-fbac-4ec2-8d5a-e018c0172692,PCB-LOAN-201508-706985,146b222d-d0d1-4256-8133-072093781a70,3baa0cc4-a560-47f6-b002-ecdaa239b4bc,Vehicle Finance,2015-08-19,2019-07-29,48,81946.38,28012.77,0.1325,2208.6,1-30 DPD,14,0.0,Vehicle,109495.43,0.7484,Motorbike,2015-08-20,2018-03-06,2018-02-04,2191.58,0.25,Branch,OFC9428
1085d4e4-25b7-4cb1-8ce1-2e6211d71d89,PCB-LOAN-202205-521954,9fae9dde-abd5-48cd-90df-e0d091beca4e,a584a1fa-784b-497f-acf1-ff049f8a047d,Personal Loan,2022-05-13,2023-05-08,12,42041.69,32837.13,0.1922,3878.83,NPL,222,27151.81,Cession,0.0,,Medical,2022-05-17,2022-07-12,2022-06-12,3710.61,1.0,Branch,OFC1832
7a4747b6-e69a-42fc-9ae8-3857ffd7cdc2,PCB-LOAN-201803-385806,8acfa629-f833-45b6-9bd2-7eaf52e81aff,b90f6827-19e5-4ff1-aa5b-d36146f8d145,Personal Loan,2018-03-21,2021-03-05,36,140577.22,7272.1,0.2767,5789.74,Current,0,0.0,Cession,0.0,,General Expenses,2018-03-24,2021-01-04,2020-12-05,5697.82,0.0,Broker,OFC9308
412035f4-f94c-4bc8-8253-f5153850d17f,PCB-LOAN-201603-535714,8f737087-08dc-4f04-8ac2-54f2df51532c,edbe2a80-ea1c-41ce-a0c2-000d7a29100c,Home Loan,2016-03-12,2035-11-28,240,1688876.62,301949.94,0.0978,16052.62,Current,0,0.0,Property,2257856.44,0.748,Land Purchase,2016-03-14,2031-12-19,2031-11-19,16042.13,0.0,Call Centre,OFC8284
5a7bb4e1-f1b9-48fa-bf63-580abb6f2698,PCB-LOAN-201801-192926,5e443f39-223f-42a8-9033-f0fbd9d5b667,eda3da70-8686-46ce-a465-44ee00c2819e,Revolving Credit,2018-01-10,2019-01-05,12,28193.26,18975.51,0.1946,2604.39,Current,0,0.0,None,0.0,,General,2018-01-11,2018-04-10,2018-03-11,2711.1,0.0,Call Centre,OFC3479
c8b5b5be-d8ad-4be6-9de4-4b7990542b4e,PCB-LOAN-201905-821612,2bf9de13-9294-43b6-a752-e7ae75d08267,a93da219-79bc-4f6d-b4fe-2f33ec7abb53,Home Loan,2019-05-20,2029-03-28,120,2894947.35,2734413.94,0.1093,39763.28,Current,0,0.0,Property,3706244.21,0.7811,Land Purchase,2019-05-22,2019-09-17,2019-08-18,39432.13,0.0,Branch,OFC8943
82ed135f-6460-4c1c-8566-2e3e1183ef14,PCB-LOAN-202211-477031,c28536e5-1fb2-4b00-bea2-87a174a49c09,86d56268-0698-498d-829d-16a761a71646,Vehicle Finance,2022-11-02,2028-10-01,72,80672.98,983.24,0.1424,1672.71,Current,0,0.0,Vehicle,104053.89,0.7753,Commercial Vehicle,2022-11-04,2028-09-01,2028-08-02,1619.65,0.0,Mobile,OFC9691
937cf828-6768-4d2a-9a54-5c2dae1ffdce,PCB-LOAN-202312-522561,6cc287b8-deb2-4e66-a268-6c9e7f70370a,ae0af86c-b7f4-462b-afe9-f12f61f68957,Home Loan,2023-12-07,2048-07-28,300,1943848.43,1344809.67,0.0904,16365.98,Current,0,0.0,Property,3208729.66,0.6058,Primary Residence,2023-12-09,2029-09-06,2029-08-07,16083.66,0.0,Mobile,OFC9302
e335ac38-96c5-40d0-ab5c-4e727dab1790,PCB-LOAN-202302-762802,25f2f3a2-bd91-43b7-9779-28b375591b38,44142d46-4486-470b-877d-d1f299d9771e,Revolving Credit,2023-02-26,2026-02-10,36,9790.43,0.0,0.1834,355.62,Current,0,0.0,None,0.0,,Emergency,2023-03-03,2026-02-10,2026-01-11,341.88,0.0,Branch,OFC8662
6a8733ff-4750-4e48-931a-b28d899cb587,PCB-LOAN-202002-125720,b725b3d2-9655-48d3-93b7-d2620c038c9a,ae0af86c-b7f4-462b-afe9-f12f61f68957,Personal Loan,2020-02-06,2021-01-31,12,402876.86,278236.05,0.1801,36937.67,Current,0,0.0,Cession,0.0,,Medical,2020-02-08,2020-05-06,2020-04-06,38698.05,0.0,Online,OFC2559
0e2a8aab-37f2-468c-8529-436079f5c4d2,PCB-LOAN-202210-853229,f4c6ccdb-a51a-4510-86ba-88d159496887,7900d686-35fd-42c3-a931-b09dfe86b9a1,Vehicle Finance,2022-10-16,2027-09-20,60,529959.17,0.0,0.1283,12012.13,NPL,96,36036.39,Vehicle,644797.63,0.8219,Commercial Vehicle,2022-10-20,2027-09-20,2027-08-21,11614.27,1.0,Branch,OFC4784
391920f4-daf3-4412-906d-84ef6edc3a26,PCB-LOAN-201903-786983,bca80148-e7b8-4cd0-9ed4-29ebc0a69045,8e55531e-503c-49b4-9ac6-f7d4b6b3f13a,Home Loan,2019-03-11,2033-12-22,180,2647855.54,235149.02,0.0984,28195.37,31-60 DPD,38,28195.37,Property,2934237.08,0.9024,Holiday Home,2019-03-16,2032-06-30,2032-05-31,29521.63,0.5,Online,OFC7410
baef6ac6-37f1-4464-9bae-c431387b220d,PCB-LOAN-201605-737983,447d47dd-c3d3-4915-91f1-c57c342584de,27694b18-1d7b-484c-9e6b-3ffc544ddc4a,Personal Loan,2016-05-22,2021-04-26,60,230689.16,71385.44,0.1829,5894.44,Current,0,0.0,Cession,0.0,,Medical,2016-05-25,2019-09-04,2019-08-05,5713.78,0.0,Branch,OFC1841
5e45501a-4e60-42d2-8d76-394537fce941,PCB-LOAN-201501-683511,88faa5c9-4534-4792-8d20-8b7f6ca3c0fd,c42d8640-cf6b-42f1-ab42-941239ae7479,Vehicle Finance,2015-01-28,2021-12-22,84,428886.84,344591.35,0.142,8084.8,61-90 DPD,86,16169.6,Vehicle,486100.92,0.8823,Motorbike,2015-01-31,2016-04-22,2016-03-23,7939.61,0.75,Branch,OFC7445
af1ca144-4244-4435-b4df-540021a4c2d3,PCB-LOAN-202001-964007,10f4743d-14ec-4cd9-9831-c0c4275e0624,4cb484f0-029d-4476-ac8e-19890ba609bc,Home Loan,2020-01-09,2049-08-04,360,1939341.23,923365.93,0.1103,18512.78,Current,0,0.0,Property,2894107.19,0.6701,Holiday Home,2020-01-13,2034-04-25,2034-03-26,17943.07,0.0,Branch,OFC5428
bc5c3a53-0cfd-4017-b9d4-344fed7fbc7d,PCB-LOAN-202001-579236,04d8ed45-f4c5-422c-9678-d8c8ce690ee3,2da72a17-96ff-44bc-a3e0-bb5ff6d8ba48,Home Loan,2020-01-29,2039-10-16,240,1951190.58,1511413.23,0.1159,20929.2,Current,0,0.0,Property,2558602.91,0.7626,Primary Residence,2020-01-31,2023-03-14,2023-02-12,20924.0,0.0,Branch,OFC5865
cb5ca712-eef1-4ce1-b952-bddbf4909544,PCB-LOAN-202007-633676,79ed2e81-d033-4bea-a3d9-faeb7e9b80e5,d0f74bed-9d4b-4b9e-9c0b-e0f32e84d161,Personal Loan,2020-07-29,2026-06-28,72,495593.53,230295.08,0.1803,11311.8,Current,0,0.0,None,0.0,,Holiday,2020-08-03,2023-04-15,2023-03-16,11234.93,0.0,Broker,OFC6522
7d1de230-5db1-4d7f-af52-586b81eae564,PCB-LOAN-201611-277058,b2de4f88-ac8a-44df-8297-4c40d7d082e9,2a7f4c64-9054-40d4-8067-a473a0ab249f,Business Loan,2016-11-06,2018-10-27,24,326736.0,133859.66,0.15,15842.33,1-30 DPD,23,0.0,Property,624635.9695779426,,Stock,2016-11-07,2017-12-01,2017-11-01,15130.04,0.25,Online,OFC6341
7648e3cc-8df7-49c2-a74f-e3a35ec7a742,PCB-LOAN-201604-359287,d486eb8b-f843-4536-b06d-5bd63a80662c,ae0af86c-b7f4-462b-afe9-f12f61f68957,Personal Loan,2016-04-05,2022-03-05,72,318902.01,256021.07,0.1334,6459.04,Current,0,0.0,None,0.0,,Holiday,2016-04-08,2017-03-01,2017-01-30,6295.04,0.0,Online,OFC2757
cb14bcf6-591b-4738-874f-dab42574b834,PCB-LOAN-201909-493664,4af379b7-a754-4e27-8034-84548f1160fc,fec3723b-f6f3-42b7-98b0-15151f5ff626,Personal Loan,2019-09-17,2023-08-27,48,460374.07,259304.86,0.2272,14685.13,Current,0,0.0,Cession,0.0,,Holiday,2019-09-22,2021-02-08,2021-01-09,14636.94,0.0,Mobile,OFC1849
1f146433-6c8f-41d5-b432-cd75a79968a4,PCB-LOAN-202202-824904,e43d0d53-a043-4f1a-8480-9b429f35c31f,c436f75a-0eb3-4f68-b851-1f2bc26875d2,Personal Loan,2022-02-08,2024-01-29,24,401365.14,29049.81,0.1948,20325.99,1-30 DPD,13,0.0,Cession,0.0,,Medical,2022-02-10,2023-11-30,2023-10-31,20948.68,0.25,Branch,OFC6557
98315b60-9862-467b-b400-502038d82fec,PCB-LOAN-201910-852948,50f6d663-1915-47b1-87fd-38c31e37a363,243a1b59-c6b2-4050-844e-f1b1e804d8d8,Personal Loan,2019-10-27,2022-10-11,36,40778.05,22706.95,0.2644,1652.55,Current,0,0.0,None,0.0,,Education,2019-10-29,2020-12-20,2020-11-20,1626.91,0.0,Online,OFC3951
4d999603-480f-47ff-b8cc-01d1384cf353,PCB-LOAN-202101-161102,ba099f63-97fe-4ebb-a93d-48ccaac8e11d,7faf07d7-47e1-4410-b6a9-5a6c4ec4caa4,Home Loan,2021-01-08,2050-08-04,360,2095929.59,1528765.36,0.0958,17746.18,1-30 DPD,1,0.0,Property,2736200.51,0.766,Investment Property,2021-01-11,2028-11-27,2028-10-28,17594.87,0.25,Mobile,OFC1442
7836eabb-f104-4971-bef4-6b91375d7fd1,PCB-LOAN-202211-558285,85b82117-2d26-41b2-a71e-0b9a810d82e6,d804a65d-0427-41ad-882b-3ff9a511629a,Personal Loan,2022-11-28,2025-11-12,36,130990.35,13640.29,0.1225,4366.41,31-60 DPD,51,4366.41,None,0.0,,Holiday,2022-12-01,2025-07-15,2025-06-15,4492.54,0.5,Mobile,OFC6742
7bf81b55-c9ee-4797-b78b-c6be30f0e113,PCB-LOAN-201810-499564,d7243b67-f245-405d-aa9e-5320dfd3fe49,b943a203-e518-4411-99ba-87b6285b3dc4,Personal Loan,2018-10-23,2021-10-07,36,197179.39,127733.87,0.2151,7480.48,Current,0,0.0,Cession,0.0,,Holiday,2018-10-28,2019-08-19,2019-07-20,7771.82,0.0,Branch,OFC6229
7e66c9e0-e417-4eb1-b4aa-cee9ba759f80,PCB-LOAN-201912-862171,1b11cb58-1fc0-4e6b-862b-67d24124c2ba,cd0214f0-8fd3-44db-82b3-f0954e4b8abe,Home Loan,2019-12-21,2029-10-29,120,1694385.15,1582506.84,0.0902,21482.1,Current,0,0.0,Property,2559494.18,0.662,Land Purchase,2019-12-25,2020-02-19,2020-01-20,20555.92,0.0,Broker,OFC7124
6f3dcfb9-c382-4088-970e-d9c115008acd,PCB-LOAN-201712-228076,3b94310a-469f-495b-bdb5-1debc79f830b,ae0af86c-b7f4-462b-afe9-f12f61f68957,Home Loan,2017-12-18,2037-09-04,240,2756041.34,737537.63,0.1098,28410.04,1-30 DPD,27,0.0,Property,4262359.02,0.6466,Investment Property,2017-12-20,2032-02-03,2032-01-04,29665.11,0.25,Branch,OFC9941
